<?xml version="1.0" encoding="UTF-8"?>
<!DOCTYPE plist PUBLIC "-//Apple//DTD PLIST 1.0//EN" "http://www.apple.com/DTDs/PropertyList-1.0.dtd"/>

<plist version="1.0">
    <dict>
        <key>ROOT</key>
        <array>
            <dict>
                <key>id</key>
                <string>8174</string>
            </dict>
            <dict>
                <key>id</key>
                <string>8183</string>
            </dict>
            <dict>
                <key>id</key>
                <string>8192</string>
            </dict>
            <dict>
                <key>id</key>
                <string>8201</string>
            </dict>
            <dict>
                <key>id</key>
                <string>8210</string>
            </dict>
            <dict>
                <key>id</key>
                <string>8219</string>
            </dict>
            <dict>
                <key>id</key>
                <string>8228</string>
            </dict>
            <dict>
                <key>id</key>
                <string>8237</string>
            </dict>
            <dict>
                <key>id</key>
                <string>8246</string>
            </dict>
            <dict>
                <key>id</key>
                <string>8255</string>
            </dict>
            <dict>
                <key>id</key>
                <string>8264</string>
            </dict>
            <dict>
                <key>id</key>
                <string>8273</string>
            </dict>
            <dict>
                <key>id</key>
                <string>8295</string>
            </dict>
            <dict>
                <key>id</key>
                <string>8304</string>
            </dict>
            <dict>
                <key>id</key>
                <string>8313</string>
            </dict>
            <dict>
                <key>id</key>
                <string>8328</string>
            </dict>
            <dict>
                <key>id</key>
                <string>8337</string>
            </dict>
            <dict>
                <key>id</key>
                <string>8346</string>
            </dict>
            <dict>
                <key>id</key>
                <string>8355</string>
            </dict>
            <dict>
                <key>id</key>
                <string>8364</string>
            </dict>
            <dict>
                <key>id</key>
                <string>8373</string>
            </dict>
            <dict>
                <key>id</key>
                <string>8382</string>
            </dict>
            <dict>
                <key>id</key>
                <string>8391</string>
            </dict>
            <dict>
                <key>id</key>
                <string>8400</string>
            </dict>
            <dict>
                <key>id</key>
                <string>8409</string>
            </dict>
            <dict>
                <key>id</key>
                <string>8468</string>
            </dict>
            <dict>
                <key>id</key>
                <string>8477</string>
            </dict>
            <dict>
                <key>id</key>
                <string>8486</string>
            </dict>
            <dict>
                <key>id</key>
                <string>8495</string>
            </dict>
            <dict>
                <key>id</key>
                <string>8504</string>
            </dict>
            <dict>
                <key>id</key>
                <string>8513</string>
            </dict>
            <dict>
                <key>id</key>
                <string>8525</string>
            </dict>
            <dict>
                <key>id</key>
                <string>8534</string>
            </dict>
            <dict>
                <key>id</key>
                <string>8562</string>
            </dict>
            <dict>
                <key>id</key>
                <string>8571</string>
            </dict>
            <dict>
                <key>id</key>
                <string>8601</string>
            </dict>
            <dict>
                <key>id</key>
                <string>8647</string>
            </dict>
            <dict>
                <key>id</key>
                <string>8656</string>
            </dict>
            <dict>
                <key>id</key>
                <string>8665</string>
            </dict>
            <dict>
                <key>id</key>
                <string>8674</string>
            </dict>
            <dict>
                <key>id</key>
                <string>8683</string>
            </dict>
            <dict>
                <key>id</key>
                <string>8692</string>
            </dict>
            <dict>
                <key>id</key>
                <string>8701</string>
            </dict>
            <dict>
                <key>id</key>
                <string>8710</string>
            </dict>
            <dict>
                <key>id</key>
                <string>8719</string>
            </dict>
            <dict>
                <key>id</key>
                <string>8728</string>
            </dict>
            <dict>
                <key>id</key>
                <string>8737</string>
            </dict>
            <dict>
                <key>id</key>
                <string>8746</string>
            </dict>
            <dict>
                <key>id</key>
                <string>8755</string>
            </dict>
            <dict>
                <key>id</key>
                <string>8764</string>
            </dict>
            <dict>
                <key>id</key>
                <string>8773</string>
            </dict>
            <dict>
                <key>id</key>
                <string>8782</string>
            </dict>
            <dict>
                <key>id</key>
                <string>8791</string>
            </dict>
            <dict>
                <key>id</key>
                <string>8805</string>
            </dict>
            <dict>
                <key>id</key>
                <string>8815</string>
            </dict>
            <dict>
                <key>id</key>
                <string>8824</string>
            </dict>
            <dict>
                <key>id</key>
                <string>8833</string>
            </dict>
            <dict>
                <key>id</key>
                <string>8842</string>
            </dict>
            <dict>
                <key>id</key>
                <string>8851</string>
            </dict>
            <dict>
                <key>id</key>
                <string>8860</string>
            </dict>
            <dict>
                <key>id</key>
                <string>8869</string>
            </dict>
            <dict>
                <key>id</key>
                <string>8879</string>
            </dict>
            <dict>
                <key>id</key>
                <string>8888</string>
            </dict>
            <dict>
                <key>id</key>
                <string>8897</string>
            </dict>
            <dict>
                <key>id</key>
                <string>8906</string>
            </dict>
            <dict>
                <key>id</key>
                <string>8915</string>
            </dict>
            <dict>
                <key>id</key>
                <string>8924</string>
            </dict>
            <dict>
                <key>id</key>
                <string>8933</string>
            </dict>
            <dict>
                <key>id</key>
                <string>9060</string>
            </dict>
            <dict>
                <key>id</key>
                <string>9128</string>
            </dict>
            <dict>
                <key>id</key>
                <string>9137</string>
            </dict>
            <dict>
                <key>id</key>
                <string>9146</string>
            </dict>
            <dict>
                <key>id</key>
                <string>9155</string>
            </dict>
            <dict>
                <key>id</key>
                <string>9164</string>
            </dict>
            <dict>
                <key>id</key>
                <string>9173</string>
            </dict>
            <dict>
                <key>id</key>
                <string>9182</string>
            </dict>
            <dict>
                <key>id</key>
                <string>9191</string>
            </dict>
            <dict>
                <key>id</key>
                <string>9200</string>
            </dict>
            <dict>
                <key>id</key>
                <string>9209</string>
            </dict>
            <dict>
                <key>id</key>
                <string>9218</string>
            </dict>
            <dict>
                <key>id</key>
                <string>9227</string>
            </dict>
            <dict>
                <key>id</key>
                <string>9236</string>
            </dict>
            <dict>
                <key>id</key>
                <string>9245</string>
            </dict>
            <dict>
                <key>id</key>
                <string>9254</string>
            </dict>
            <dict>
                <key>id</key>
                <string>9263</string>
            </dict>
            <dict>
                <key>id</key>
                <string>9272</string>
            </dict>
            <dict>
                <key>id</key>
                <string>9281</string>
            </dict>
            <dict>
                <key>id</key>
                <string>9355</string>
            </dict>
            <dict>
                <key>id</key>
                <string>9457</string>
            </dict>
            <dict>
                <key>id</key>
                <string>9466</string>
            </dict>
            <dict>
                <key>id</key>
                <string>9475</string>
            </dict>
            <dict>
                <key>id</key>
                <string>9484</string>
            </dict>
            <dict>
                <key>id</key>
                <string>9493</string>
            </dict>
            <dict>
                <key>id</key>
                <string>9502</string>
            </dict>
            <dict>
                <key>id</key>
                <string>9511</string>
            </dict>
            <dict>
                <key>id</key>
                <string>9520</string>
            </dict>
            <dict>
                <key>id</key>
                <string>9529</string>
            </dict>
            <dict>
                <key>id</key>
                <string>9538</string>
            </dict>
            <dict>
                <key>id</key>
                <string>9547</string>
            </dict>
            <dict>
                <key>id</key>
                <string>9556</string>
            </dict>
            <dict>
                <key>id</key>
                <string>9565</string>
            </dict>
            <dict>
                <key>id</key>
                <string>9574</string>
            </dict>
            <dict>
                <key>id</key>
                <string>9583</string>
            </dict>
            <dict>
                <key>id</key>
                <string>9592</string>
            </dict>
            <dict>
                <key>id</key>
                <string>9601</string>
            </dict>
            <dict>
                <key>id</key>
                <string>9610</string>
            </dict>
            <dict>
                <key>id</key>
                <string>9619</string>
            </dict>
            <dict>
                <key>id</key>
                <string>9628</string>
            </dict>
            <dict>
                <key>id</key>
                <string>9645</string>
            </dict>
            <dict>
                <key>id</key>
                <string>9654</string>
            </dict>
            <dict>
                <key>id</key>
                <string>9663</string>
            </dict>
            <dict>
                <key>id</key>
                <string>9731</string>
            </dict>
            <dict>
                <key>id</key>
                <string>9799</string>
            </dict>
            <dict>
                <key>id</key>
                <string>9814</string>
            </dict>
            <dict>
                <key>id</key>
                <string>9823</string>
            </dict>
            <dict>
                <key>id</key>
                <string>9832</string>
            </dict>
            <dict>
                <key>id</key>
                <string>9843</string>
            </dict>
            <dict>
                <key>id</key>
                <string>9852</string>
            </dict>
            <dict>
                <key>id</key>
                <string>9861</string>
            </dict>
            <dict>
                <key>id</key>
                <string>9882</string>
            </dict>
            <dict>
                <key>id</key>
                <string>9891</string>
            </dict>
            <dict>
                <key>id</key>
                <string>9900</string>
            </dict>
            <dict>
                <key>id</key>
                <string>9909</string>
            </dict>
            <dict>
                <key>id</key>
                <string>9918</string>
            </dict>
            <dict>
                <key>id</key>
                <string>9927</string>
            </dict>
            <dict>
                <key>id</key>
                <string>9936</string>
            </dict>
            <dict>
                <key>id</key>
                <string>9945</string>
            </dict>
            <dict>
                <key>id</key>
                <string>9954</string>
            </dict>
            <dict>
                <key>id</key>
                <string>9963</string>
            </dict>
            <dict>
                <key>id</key>
                <string>9972</string>
            </dict>
            <dict>
                <key>id</key>
                <string>9981</string>
            </dict>
            <dict>
                <key>id</key>
                <string>9990</string>
            </dict>
            <dict>
                <key>id</key>
                <string>9999</string>
            </dict>
            <dict>
                <key>id</key>
                <string>10008</string>
            </dict>
            <dict>
                <key>id</key>
                <string>10017</string>
            </dict>
            <dict>
                <key>id</key>
                <string>10026</string>
            </dict>
            <dict>
                <key>id</key>
                <string>10047</string>
            </dict>
            <dict>
                <key>id</key>
                <string>10056</string>
            </dict>
            <dict>
                <key>id</key>
                <string>10065</string>
            </dict>
            <dict>
                <key>id</key>
                <string>10098</string>
            </dict>
            <dict>
                <key>id</key>
                <string>10107</string>
            </dict>
            <dict>
                <key>id</key>
                <string>10180</string>
            </dict>
            <dict>
                <key>id</key>
                <string>10189</string>
            </dict>
            <dict>
                <key>id</key>
                <string>10198</string>
            </dict>
            <dict>
                <key>id</key>
                <string>10207</string>
            </dict>
            <dict>
                <key>id</key>
                <string>10216</string>
            </dict>
            <dict>
                <key>id</key>
                <string>10225</string>
            </dict>
            <dict>
                <key>id</key>
                <string>10234</string>
            </dict>
            <dict>
                <key>id</key>
                <string>10243</string>
            </dict>
            <dict>
                <key>id</key>
                <string>10252</string>
            </dict>
            <dict>
                <key>id</key>
                <string>10261</string>
            </dict>
            <dict>
                <key>id</key>
                <string>10270</string>
            </dict>
            <dict>
                <key>id</key>
                <string>10279</string>
            </dict>
            <dict>
                <key>id</key>
                <string>10288</string>
            </dict>
            <dict>
                <key>id</key>
                <string>10297</string>
            </dict>
            <dict>
                <key>id</key>
                <string>10306</string>
            </dict>
            <dict>
                <key>id</key>
                <string>10315</string>
            </dict>
            <dict>
                <key>id</key>
                <string>10324</string>
            </dict>
            <dict>
                <key>id</key>
                <string>10333</string>
            </dict>
            <dict>
                <key>id</key>
                <string>10342</string>
            </dict>
            <dict>
                <key>id</key>
                <string>10351</string>
            </dict>
            <dict>
                <key>id</key>
                <string>10360</string>
            </dict>
            <dict>
                <key>id</key>
                <string>10369</string>
            </dict>
            <dict>
                <key>id</key>
                <string>10378</string>
            </dict>
            <dict>
                <key>id</key>
                <string>10387</string>
            </dict>
            <dict>
                <key>id</key>
                <string>10455</string>
            </dict>
            <dict>
                <key>id</key>
                <string>10464</string>
            </dict>
            <dict>
                <key>id</key>
                <string>10473</string>
            </dict>
            <dict>
                <key>id</key>
                <string>10482</string>
            </dict>
            <dict>
                <key>id</key>
                <string>10491</string>
            </dict>
            <dict>
                <key>id</key>
                <string>10500</string>
            </dict>
            <dict>
                <key>id</key>
                <string>10509</string>
            </dict>
            <dict>
                <key>id</key>
                <string>10518</string>
            </dict>
            <dict>
                <key>id</key>
                <string>10527</string>
            </dict>
            <dict>
                <key>id</key>
                <string>10536</string>
            </dict>
            <dict>
                <key>id</key>
                <string>10545</string>
            </dict>
            <dict>
                <key>id</key>
                <string>10554</string>
            </dict>
            <dict>
                <key>id</key>
                <string>10563</string>
            </dict>
            <dict>
                <key>id</key>
                <string>10572</string>
            </dict>
            <dict>
                <key>id</key>
                <string>10581</string>
            </dict>
            <dict>
                <key>id</key>
                <string>10590</string>
            </dict>
            <dict>
                <key>id</key>
                <string>10599</string>
            </dict>
            <dict>
                <key>id</key>
                <string>10608</string>
            </dict>
            <dict>
                <key>id</key>
                <string>10617</string>
            </dict>
            <dict>
                <key>id</key>
                <string>10626</string>
            </dict>
            <dict>
                <key>id</key>
                <string>10635</string>
            </dict>
            <dict>
                <key>id</key>
                <string>10644</string>
            </dict>
            <dict>
                <key>id</key>
                <string>10653</string>
            </dict>
            <dict>
                <key>id</key>
                <string>10662</string>
            </dict>
            <dict>
                <key>id</key>
                <string>10671</string>
            </dict>
            <dict>
                <key>id</key>
                <string>10680</string>
            </dict>
            <dict>
                <key>id</key>
                <string>10689</string>
            </dict>
            <dict>
                <key>id</key>
                <string>10698</string>
            </dict>
            <dict>
                <key>id</key>
                <string>10707</string>
            </dict>
            <dict>
                <key>id</key>
                <string>10716</string>
            </dict>
            <dict>
                <key>id</key>
                <string>10725</string>
            </dict>
            <dict>
                <key>id</key>
                <string>10734</string>
            </dict>
            <dict>
                <key>id</key>
                <string>10743</string>
            </dict>
            <dict>
                <key>id</key>
                <string>10752</string>
            </dict>
            <dict>
                <key>id</key>
                <string>10761</string>
            </dict>
            <dict>
                <key>id</key>
                <string>10770</string>
            </dict>
            <dict>
                <key>id</key>
                <string>10779</string>
            </dict>
            <dict>
                <key>id</key>
                <string>10788</string>
            </dict>
            <dict>
                <key>id</key>
                <string>10797</string>
            </dict>
            <dict>
                <key>id</key>
                <string>10806</string>
            </dict>
            <dict>
                <key>id</key>
                <string>10815</string>
            </dict>
            <dict>
                <key>id</key>
                <string>10824</string>
            </dict>
            <dict>
                <key>id</key>
                <string>10833</string>
            </dict>
            <dict>
                <key>id</key>
                <string>10975</string>
            </dict>
            <dict>
                <key>id</key>
                <string>10984</string>
            </dict>
            <dict>
                <key>id</key>
                <string>10993</string>
            </dict>
            <dict>
                <key>id</key>
                <string>11002</string>
            </dict>
            <dict>
                <key>id</key>
                <string>11011</string>
            </dict>
            <dict>
                <key>id</key>
                <string>11020</string>
            </dict>
            <dict>
                <key>id</key>
                <string>11029</string>
            </dict>
            <dict>
                <key>id</key>
                <string>11038</string>
            </dict>
            <dict>
                <key>id</key>
                <string>11047</string>
            </dict>
            <dict>
                <key>id</key>
                <string>11056</string>
            </dict>
            <dict>
                <key>id</key>
                <string>11065</string>
            </dict>
            <dict>
                <key>id</key>
                <string>11074</string>
            </dict>
            <dict>
                <key>id</key>
                <string>11083</string>
            </dict>
            <dict>
                <key>id</key>
                <string>11092</string>
            </dict>
            <dict>
                <key>id</key>
                <string>11101</string>
            </dict>
            <dict>
                <key>id</key>
                <string>11118</string>
            </dict>
            <dict>
                <key>id</key>
                <string>11127</string>
            </dict>
            <dict>
                <key>id</key>
                <string>11136</string>
            </dict>
            <dict>
                <key>id</key>
                <string>11145</string>
            </dict>
            <dict>
                <key>id</key>
                <string>11154</string>
            </dict>
            <dict>
                <key>id</key>
                <string>11170</string>
            </dict>
            <dict>
                <key>id</key>
                <string>11179</string>
            </dict>
            <dict>
                <key>id</key>
                <string>11188</string>
            </dict>
            <dict>
                <key>id</key>
                <string>11197</string>
            </dict>
            <dict>
                <key>id</key>
                <string>11206</string>
            </dict>
            <dict>
                <key>id</key>
                <string>11215</string>
            </dict>
            <dict>
                <key>id</key>
                <string>11224</string>
            </dict>
            <dict>
                <key>id</key>
                <string>11233</string>
            </dict>
            <dict>
                <key>id</key>
                <string>11242</string>
            </dict>
            <dict>
                <key>id</key>
                <string>11276</string>
            </dict>
            <dict>
                <key>id</key>
                <string>11285</string>
            </dict>
            <dict>
                <key>id</key>
                <string>11294</string>
            </dict>
            <dict>
                <key>id</key>
                <string>11379</string>
            </dict>
            <dict>
                <key>id</key>
                <string>11388</string>
            </dict>
            <dict>
                <key>id</key>
                <string>11397</string>
            </dict>
            <dict>
                <key>id</key>
                <string>11418</string>
            </dict>
            <dict>
                <key>id</key>
                <string>11428</string>
            </dict>
            <dict>
                <key>id</key>
                <string>11437</string>
            </dict>
            <dict>
                <key>id</key>
                <string>11505</string>
            </dict>
            <dict>
                <key>id</key>
                <string>11514</string>
            </dict>
            <dict>
                <key>id</key>
                <string>11523</string>
            </dict>
            <dict>
                <key>id</key>
                <string>11532</string>
            </dict>
            <dict>
                <key>id</key>
                <string>11541</string>
            </dict>
            <dict>
                <key>id</key>
                <string>11550</string>
            </dict>
            <dict>
                <key>id</key>
                <string>11571</string>
            </dict>
            <dict>
                <key>id</key>
                <string>11580</string>
            </dict>
            <dict>
                <key>id</key>
                <string>11589</string>
            </dict>
            <dict>
                <key>id</key>
                <string>11598</string>
            </dict>
            <dict>
                <key>id</key>
                <string>11607</string>
            </dict>
            <dict>
                <key>id</key>
                <string>11616</string>
            </dict>
            <dict>
                <key>id</key>
                <string>11626</string>
            </dict>
            <dict>
                <key>id</key>
                <string>11635</string>
            </dict>
            <dict>
                <key>id</key>
                <string>11647</string>
            </dict>
            <dict>
                <key>id</key>
                <string>11662</string>
            </dict>
            <dict>
                <key>id</key>
                <string>11821</string>
            </dict>
            <dict>
                <key>id</key>
                <string>11830</string>
            </dict>
            <dict>
                <key>id</key>
                <string>11839</string>
            </dict>
            <dict>
                <key>id</key>
                <string>11848</string>
            </dict>
            <dict>
                <key>id</key>
                <string>11857</string>
            </dict>
            <dict>
                <key>id</key>
                <string>11866</string>
            </dict>
            <dict>
                <key>id</key>
                <string>11940</string>
            </dict>
            <dict>
                <key>id</key>
                <string>11949</string>
            </dict>
            <dict>
                <key>id</key>
                <string>11958</string>
            </dict>
            <dict>
                <key>id</key>
                <string>11967</string>
            </dict>
            <dict>
                <key>id</key>
                <string>11976</string>
            </dict>
            <dict>
                <key>id</key>
                <string>11985</string>
            </dict>
            <dict>
                <key>id</key>
                <string>11994</string>
            </dict>
            <dict>
                <key>id</key>
                <string>12015</string>
            </dict>
            <dict>
                <key>id</key>
                <string>12024</string>
            </dict>
            <dict>
                <key>id</key>
                <string>12033</string>
            </dict>
            <dict>
                <key>id</key>
                <string>12042</string>
            </dict>
            <dict>
                <key>id</key>
                <string>12051</string>
            </dict>
            <dict>
                <key>id</key>
                <string>12060</string>
            </dict>
            <dict>
                <key>id</key>
                <string>12187</string>
            </dict>
            <dict>
                <key>id</key>
                <string>12214</string>
            </dict>
            <dict>
                <key>id</key>
                <string>12282</string>
            </dict>
            <dict>
                <key>id</key>
                <string>12291</string>
            </dict>
            <dict>
                <key>id</key>
                <string>12300</string>
            </dict>
            <dict>
                <key>id</key>
                <string>12309</string>
            </dict>
            <dict>
                <key>id</key>
                <string>12318</string>
            </dict>
            <dict>
                <key>id</key>
                <string>12327</string>
            </dict>
            <dict>
                <key>id</key>
                <string>12336</string>
            </dict>
            <dict>
                <key>id</key>
                <string>12345</string>
            </dict>
            <dict>
                <key>id</key>
                <string>12354</string>
            </dict>
            <dict>
                <key>id</key>
                <string>12363</string>
            </dict>
            <dict>
                <key>id</key>
                <string>12372</string>
            </dict>
            <dict>
                <key>id</key>
                <string>12381</string>
            </dict>
            <dict>
                <key>id</key>
                <string>12390</string>
            </dict>
            <dict>
                <key>id</key>
                <string>12399</string>
            </dict>
            <dict>
                <key>id</key>
                <string>12409</string>
            </dict>
            <dict>
                <key>id</key>
                <string>12418</string>
            </dict>
            <dict>
                <key>id</key>
                <string>12427</string>
            </dict>
            <dict>
                <key>id</key>
                <string>12436</string>
            </dict>
            <dict>
                <key>id</key>
                <string>12445</string>
            </dict>
            <dict>
                <key>id</key>
                <string>12454</string>
            </dict>
            <dict>
                <key>id</key>
                <string>12463</string>
            </dict>
            <dict>
                <key>id</key>
                <string>12472</string>
            </dict>
            <dict>
                <key>id</key>
                <string>12481</string>
            </dict>
            <dict>
                <key>id</key>
                <string>12558</string>
            </dict>
            <dict>
                <key>id</key>
                <string>12579</string>
            </dict>
            <dict>
                <key>id</key>
                <string>12588</string>
            </dict>
            <dict>
                <key>id</key>
                <string>12597</string>
            </dict>
            <dict>
                <key>id</key>
                <string>12606</string>
            </dict>
            <dict>
                <key>id</key>
                <string>12615</string>
            </dict>
            <dict>
                <key>id</key>
                <string>12624</string>
            </dict>
            <dict>
                <key>id</key>
                <string>12633</string>
            </dict>
            <dict>
                <key>id</key>
                <string>12642</string>
            </dict>
            <dict>
                <key>id</key>
                <string>12651</string>
            </dict>
            <dict>
                <key>id</key>
                <string>12660</string>
            </dict>
            <dict>
                <key>id</key>
                <string>12669</string>
            </dict>
            <dict>
                <key>id</key>
                <string>12678</string>
            </dict>
            <dict>
                <key>id</key>
                <string>12687</string>
            </dict>
            <dict>
                <key>id</key>
                <string>12890</string>
            </dict>
            <dict>
                <key>id</key>
                <string>12899</string>
            </dict>
            <dict>
                <key>id</key>
                <string>12908</string>
            </dict>
            <dict>
                <key>id</key>
                <string>12917</string>
            </dict>
            <dict>
                <key>id</key>
                <string>12926</string>
            </dict>
            <dict>
                <key>id</key>
                <string>12947</string>
            </dict>
            <dict>
                <key>id</key>
                <string>12956</string>
            </dict>
            <dict>
                <key>id</key>
                <string>12965</string>
            </dict>
            <dict>
                <key>id</key>
                <string>12974</string>
            </dict>
            <dict>
                <key>id</key>
                <string>12983</string>
            </dict>
            <dict>
                <key>id</key>
                <string>12992</string>
            </dict>
            <dict>
                <key>id</key>
                <string>13001</string>
            </dict>
            <dict>
                <key>id</key>
                <string>13010</string>
            </dict>
            <dict>
                <key>id</key>
                <string>13019</string>
            </dict>
            <dict>
                <key>id</key>
                <string>13028</string>
            </dict>
            <dict>
                <key>id</key>
                <string>13037</string>
            </dict>
            <dict>
                <key>id</key>
                <string>13046</string>
            </dict>
            <dict>
                <key>id</key>
                <string>13055</string>
            </dict>
            <dict>
                <key>id</key>
                <string>13064</string>
            </dict>
            <dict>
                <key>id</key>
                <string>13073</string>
            </dict>
            <dict>
                <key>id</key>
                <string>13082</string>
            </dict>
            <dict>
                <key>id</key>
                <string>13091</string>
            </dict>
            <dict>
                <key>id</key>
                <string>13100</string>
            </dict>
            <dict>
                <key>id</key>
                <string>13109</string>
            </dict>
            <dict>
                <key>id</key>
                <string>13118</string>
            </dict>
            <dict>
                <key>id</key>
                <string>13127</string>
            </dict>
            <dict>
                <key>id</key>
                <string>13136</string>
            </dict>
            <dict>
                <key>id</key>
                <string>13145</string>
            </dict>
            <dict>
                <key>id</key>
                <string>13243</string>
            </dict>
            <dict>
                <key>id</key>
                <string>13253</string>
            </dict>
            <dict>
                <key>id</key>
                <string>13262</string>
            </dict>
            <dict>
                <key>id</key>
                <string>13271</string>
            </dict>
            <dict>
                <key>id</key>
                <string>13280</string>
            </dict>
            <dict>
                <key>id</key>
                <string>13348</string>
            </dict>
            <dict>
                <key>id</key>
                <string>13357</string>
            </dict>
            <dict>
                <key>id</key>
                <string>13366</string>
            </dict>
            <dict>
                <key>id</key>
                <string>13375</string>
            </dict>
            <dict>
                <key>id</key>
                <string>13384</string>
            </dict>
            <dict>
                <key>id</key>
                <string>13393</string>
            </dict>
            <dict>
                <key>id</key>
                <string>13402</string>
            </dict>
        </array>
    </dict>
</plist>
