<?xml version="1.0" encoding="UTF-8"?>
<!DOCTYPE plist PUBLIC "-//Apple//DTD PLIST 1.0//EN" "http://www.apple.com/DTDs/PropertyList-1.0.dtd"/>

<plist version="1.0">
    <dict>
        <key>ROOT</key>
        <array>
            <dict>
                <key>id</key>
                <string>4784</string>
                <key>Idle Animation</key>
                <dict>
                    <key>value</key>
                    <string>4786</string>
                </dict>
            </dict>
            <dict>
                <key>id</key>
                <string>8584</string>
                <key>Idle Animation</key>
                <dict>
                    <key>value</key>
                    <string>8586</string>
                </dict>
                <key>Idle Sound</key>
                <dict>
                    <key>value</key>
                    <string>11636</string>
                </dict>
                <key>Start Sound</key>
                <dict>
                    <key>value</key>
                    <string>11637</string>
                </dict>
                <key>End Sound</key>
                <dict>
                    <key>value</key>
                    <string>11638</string>
                </dict>
            </dict>
        </array>
    </dict>
</plist>
