<?xml version="1.0" encoding="UTF-8"?>
<!DOCTYPE plist PUBLIC "-//Apple//DTD PLIST 1.0//EN" "http://www.apple.com/DTDs/PropertyList-1.0.dtd"/>

<plist version="1.0">
    <dict>
        <key>ROOT</key>
        <array>
            <dict>
                <key>id</key>
                <string>4792</string>
                <key>Asset</key>
                <dict>
                    <key>value</key>
                    <string>4784</string>
                </dict>
            </dict>
            <dict>
                <key>id</key>
                <string>4794</string>
                <key>Asset</key>
                <dict>
                    <key>value</key>
                    <string>4784</string>
                </dict>
            </dict>
            <dict>
                <key>id</key>
                <string>4796</string>
                <key>Asset</key>
                <dict>
                    <key>value</key>
                    <string>4784</string>
                </dict>
            </dict>
            <dict>
                <key>id</key>
                <string>4798</string>
                <key>Asset</key>
                <dict>
                    <key>value</key>
                    <string>4784</string>
                </dict>
            </dict>
            <dict>
                <key>id</key>
                <string>4800</string>
                <key>Asset</key>
                <dict>
                    <key>value</key>
                    <string>4784</string>
                </dict>
            </dict>
            <dict>
                <key>id</key>
                <string>8592</string>
                <key>Asset</key>
                <dict>
                    <key>value</key>
                    <string>8584</string>
                </dict>
            </dict>
            <dict>
                <key>id</key>
                <string>8603</string>
                <key>Asset</key>
                <dict>
                    <key>value</key>
                    <string>8584</string>
                </dict>
            </dict>
            <dict>
                <key>id</key>
                <string>8605</string>
                <key>Asset</key>
                <dict>
                    <key>value</key>
                    <string>8584</string>
                </dict>
            </dict>
            <dict>
                <key>id</key>
                <string>8611</string>
                <key>Asset</key>
                <dict>
                    <key>value</key>
                    <string>8584</string>
                </dict>
            </dict>
            <dict>
                <key>id</key>
                <string>8617</string>
                <key>Asset</key>
                <dict>
                    <key>value</key>
                    <string>8584</string>
                </dict>
            </dict>
            <dict>
                <key>id</key>
                <string>8619</string>
                <key>Asset</key>
                <dict>
                    <key>value</key>
                    <string>8584</string>
                </dict>
            </dict>
            <dict>
                <key>id</key>
                <string>8627</string>
                <key>Asset</key>
                <dict>
                    <key>value</key>
                    <string>8584</string>
                </dict>
            </dict>
            <dict>
                <key>id</key>
                <string>8631</string>
                <key>Asset</key>
                <dict>
                    <key>value</key>
                    <string>8584</string>
                </dict>
            </dict>
            <dict>
                <key>id</key>
                <string>9418</string>
                <key>Asset</key>
                <dict>
                    <key>value</key>
                    <string>8584</string>
                </dict>
            </dict>
            <dict>
                <key>id</key>
                <string>9422</string>
                <key>Asset</key>
                <dict>
                    <key>value</key>
                    <string>8584</string>
                </dict>
            </dict>
            <dict>
                <key>id</key>
                <string>9426</string>
                <key>Asset</key>
                <dict>
                    <key>value</key>
                    <string>8584</string>
                </dict>
            </dict>
            <dict>
                <key>id</key>
                <string>9430</string>
                <key>Asset</key>
                <dict>
                    <key>value</key>
                    <string>8584</string>
                </dict>
            </dict>
            <dict>
                <key>id</key>
                <string>9436</string>
                <key>Asset</key>
                <dict>
                    <key>value</key>
                    <string>8584</string>
                </dict>
            </dict>
        </array>
    </dict>
</plist>
