<?xml version="1.0" encoding="UTF-8"?>
<!DOCTYPE plist PUBLIC "-//Apple//DTD PLIST 1.0//EN" "http://www.apple.com/DTDs/PropertyList-1.0.dtd"/>

<plist version="1.0">
    <dict>
        <key>ROOT</key>
        <array>
            <dict>
                <key>id</key>
                <string>103</string>
                <key>children</key>
                <array>
                    <string>217</string>
                    <string>429</string>
                    <string>515</string>
                    <string>605</string>
                    <string>610</string>
                    <string>641</string>
                </array>
                <key>childLinkers</key>
                <array/>
            </dict>
            <dict>
                <key>id</key>
                <string>1395</string>
                <key>children</key>
                <array>
                    <string>1757</string>
                    <string>2336</string>
                    <string>2338</string>
                    <string>2340</string>
                    <string>2871</string>
                    <string>2873</string>
                    <string>2875</string>
                    <string>2877</string>
                    <string>3012</string>
                    <string>3032</string>
                    <string>4545</string>
                    <string>4547</string>
                    <string>4549</string>
                    <string>4551</string>
                    <string>4553</string>
                    <string>7383</string>
                    <string>7385</string>
                    <string>7387</string>
                    <string>7389</string>
                    <string>7391</string>
                    <string>7393</string>
                    <string>7395</string>
                    <string>7397</string>
                    <string>7399</string>
                </array>
                <key>childLinkers</key>
                <array/>
            </dict>
            <dict>
                <key>id</key>
                <string>4235</string>
                <key>children</key>
                <array>
                    <string>4246</string>
                    <string>4248</string>
                    <string>4260</string>
                    <string>4262</string>
                    <string>4297</string>
                    <string>4792</string>
                    <string>4794</string>
                    <string>4796</string>
                    <string>4798</string>
                    <string>4800</string>
                    <string>5593</string>
                    <string>5623</string>
                    <string>5644</string>
                    <string>5787</string>
                    <string>5826</string>
                </array>
                <key>childLinkers</key>
                <array/>
            </dict>
            <dict>
                <key>id</key>
                <string>5344</string>
                <key>children</key>
                <array>
                    <string>5405</string>
                    <string>5407</string>
                    <string>5409</string>
                    <string>5411</string>
                    <string>5413</string>
                    <string>5415</string>
                    <string>5417</string>
                    <string>5419</string>
                    <string>6065</string>
                    <string>6077</string>
                    <string>6088</string>
                    <string>6090</string>
                    <string>6092</string>
                    <string>6094</string>
                    <string>6096</string>
                    <string>6098</string>
                    <string>6109</string>
                    <string>6111</string>
                    <string>6113</string>
                    <string>6115</string>
                    <string>6117</string>
                    <string>6119</string>
                    <string>6121</string>
                    <string>6123</string>
                    <string>6125</string>
                    <string>6127</string>
                    <string>6129</string>
                    <string>6131</string>
                    <string>6133</string>
                    <string>6135</string>
                    <string>6137</string>
                    <string>6139</string>
                    <string>6141</string>
                    <string>6143</string>
                    <string>6145</string>
                    <string>6147</string>
                    <string>6149</string>
                    <string>6151</string>
                    <string>6153</string>
                    <string>6155</string>
                    <string>6172</string>
                    <string>6312</string>
                    <string>6770</string>
                    <string>6773</string>
                    <string>12563</string>
                    <string>12569</string>
                </array>
                <key>childLinkers</key>
                <array/>
            </dict>
            <dict>
                <key>id</key>
                <string>7173</string>
                <key>children</key>
                <array>
                    <string>7274</string>
                    <string>7276</string>
                    <string>7278</string>
                    <string>7280</string>
                    <string>7282</string>
                    <string>7284</string>
                    <string>7286</string>
                    <string>7288</string>
                    <string>7302</string>
                    <string>7318</string>
                    <string>7340</string>
                    <string>7437</string>
                    <string>12867</string>
                    <string>12877</string>
                </array>
                <key>childLinkers</key>
                <array/>
            </dict>
            <dict>
                <key>id</key>
                <string>7350</string>
                <key>children</key>
                <array>
                    <string>7723</string>
                    <string>7725</string>
                    <string>7727</string>
                    <string>7729</string>
                    <string>7731</string>
                    <string>7733</string>
                    <string>7735</string>
                    <string>7737</string>
                    <string>7739</string>
                    <string>7835</string>
                    <string>7840</string>
                    <string>7846</string>
                    <string>7876</string>
                    <string>8286</string>
                    <string>8316</string>
                    <string>8319</string>
                </array>
                <key>childLinkers</key>
                <array>
                    <string>7877</string>
                </array>
            </dict>
            <dict>
                <key>id</key>
                <string>8410</string>
                <key>children</key>
                <array>
                    <string>8421</string>
                    <string>8423</string>
                    <string>8425</string>
                    <string>8427</string>
                    <string>8429</string>
                    <string>8431</string>
                    <string>8433</string>
                    <string>8435</string>
                    <string>8437</string>
                    <string>8592</string>
                    <string>8603</string>
                    <string>8605</string>
                    <string>8611</string>
                    <string>8617</string>
                    <string>8619</string>
                    <string>8627</string>
                    <string>8631</string>
                </array>
                <key>childLinkers</key>
                <array/>
            </dict>
            <dict>
                <key>id</key>
                <string>1249</string>
                <key>children</key>
                <array>
                    <string>1251</string>
                </array>
                <key>childLinkers</key>
                <array/>
            </dict>
            <dict>
                <key>id</key>
                <string>9356</string>
                <key>children</key>
                <array>
                    <string>9359</string>
                    <string>9361</string>
                    <string>9363</string>
                    <string>9365</string>
                    <string>9367</string>
                    <string>9369</string>
                    <string>9371</string>
                    <string>9373</string>
                    <string>9375</string>
                    <string>9378</string>
                    <string>9382</string>
                    <string>9386</string>
                    <string>9390</string>
                    <string>9394</string>
                    <string>9402</string>
                    <string>9418</string>
                    <string>9422</string>
                    <string>9426</string>
                    <string>9430</string>
                    <string>9436</string>
                    <string>11108</string>
                </array>
                <key>childLinkers</key>
                <array/>
            </dict>
            <dict>
                <key>id</key>
                <string>1629</string>
                <key>children</key>
                <array>
                    <string>11250</string>
                    <string>11252</string>
                    <string>11254</string>
                    <string>11256</string>
                    <string>11258</string>
                    <string>11260</string>
                    <string>11262</string>
                    <string>11264</string>
                    <string>11267</string>
                </array>
                <key>childLinkers</key>
                <array/>
            </dict>
            <dict>
                <key>id</key>
                <string>1636</string>
                <key>children</key>
                <array>
                    <string>11356</string>
                    <string>11358</string>
                    <string>11360</string>
                    <string>11362</string>
                    <string>11364</string>
                    <string>11366</string>
                    <string>11368</string>
                    <string>11370</string>
                </array>
                <key>childLinkers</key>
                <array/>
            </dict>
            <dict>
                <key>id</key>
                <string>104</string>
                <key>children</key>
                <array>
                    <string>394</string>
                    <string>426</string>
                    <string>463</string>
                    <string>475</string>
                    <string>484</string>
                    <string>499</string>
                    <string>582</string>
                    <string>594</string>
                    <string>596</string>
                    <string>755</string>
                    <string>935</string>
                    <string>951</string>
                </array>
                <key>childLinkers</key>
                <array/>
            </dict>
            <dict>
                <key>id</key>
                <string>938</string>
                <key>children</key>
                <array>
                    <string>1113</string>
                </array>
                <key>childLinkers</key>
                <array/>
            </dict>
            <dict>
                <key>id</key>
                <string>939</string>
                <key>children</key>
                <array>
                    <string>1017</string>
                    <string>1035</string>
                    <string>1047</string>
                    <string>1133</string>
                    <string>1154</string>
                </array>
                <key>childLinkers</key>
                <array/>
            </dict>
            <dict>
                <key>id</key>
                <string>1653</string>
                <key>children</key>
                <array>
                    <string>1655</string>
                </array>
                <key>childLinkers</key>
                <array/>
            </dict>
            <dict>
                <key>id</key>
                <string>1654</string>
                <key>children</key>
                <array/>
                <key>childLinkers</key>
                <array/>
            </dict>
        </array>
    </dict>
</plist>
