<?xml version="1.0" encoding="UTF-8"?>
<!DOCTYPE plist PUBLIC "-//Apple//DTD PLIST 1.0//EN" "http://www.apple.com/DTDs/PropertyList-1.0.dtd"/>

<plist version="1.0">
    <dict>
        <key>ROOT</key>
        <array>
            <dict>
                <key>id</key>
                <string>2081</string>
                <key>Idle Animation</key>
                <dict>
                    <key>value</key>
                    <string>2083</string>
                </dict>
            </dict>
            <dict>
                <key>id</key>
                <string>2328</string>
                <key>Idle Animation</key>
                <dict>
                    <key>value</key>
                    <string>2330</string>
                </dict>
            </dict>
            <dict>
                <key>id</key>
                <string>2863</string>
                <key>Idle Animation</key>
                <dict>
                    <key>value</key>
                    <string>2865</string>
                </dict>
            </dict>
            <dict>
                <key>id</key>
                <string>2992</string>
                <key>Idle Animation</key>
                <dict>
                    <key>value</key>
                    <string>2994</string>
                </dict>
            </dict>
            <dict>
                <key>id</key>
                <string>3004</string>
                <key>Idle Animation</key>
                <dict>
                    <key>value</key>
                    <string>3006</string>
                </dict>
            </dict>
            <dict>
                <key>id</key>
                <string>3024</string>
                <key>Idle Animation</key>
                <dict>
                    <key>value</key>
                    <string>3026</string>
                </dict>
            </dict>
            <dict>
                <key>id</key>
                <string>3053</string>
                <key>Idle Animation</key>
                <dict>
                    <key>value</key>
                    <string>3055</string>
                </dict>
                <key>Idle Sound</key>
                <dict>
                    <key>value</key>
                    <string>11648</string>
                </dict>
                <key>Death Sound</key>
                <dict>
                    <key>value</key>
                    <string>11649</string>
                </dict>
                <key>WakeUp Sound</key>
                <dict>
                    <key>value</key>
                    <string>11650</string>
                </dict>
            </dict>
            <dict>
                <key>id</key>
                <string>3276</string>
                <key>Idle Animation</key>
                <dict>
                    <key>value</key>
                    <string>3278</string>
                </dict>
            </dict>
            <dict>
                <key>id</key>
                <string>3308</string>
                <key>Idle Animation</key>
                <dict>
                    <key>value</key>
                    <string>3310</string>
                </dict>
            </dict>
            <dict>
                <key>id</key>
                <string>3405</string>
                <key>Idle Animation</key>
                <dict>
                    <key>value</key>
                    <string>3407</string>
                </dict>
            </dict>
            <dict>
                <key>id</key>
                <string>3422</string>
                <key>Idle Animation</key>
                <dict>
                    <key>value</key>
                    <string>3424</string>
                </dict>
                <key>Idle Sound</key>
                <dict>
                    <key>value</key>
                    <string>11651</string>
                </dict>
                <key>Death Sound</key>
                <dict>
                    <key>value</key>
                    <string>11652</string>
                </dict>
                <key>WakeUp Sound</key>
                <dict>
                    <key>value</key>
                    <string>11653</string>
                </dict>
            </dict>
            <dict>
                <key>id</key>
                <string>4238</string>
                <key>Idle Animation</key>
                <dict>
                    <key>value</key>
                    <string>4240</string>
                </dict>
            </dict>
            <dict>
                <key>id</key>
                <string>4270</string>
                <key>Idle Animation</key>
                <dict>
                    <key>value</key>
                    <string>4272</string>
                </dict>
            </dict>
            <dict>
                <key>id</key>
                <string>4289</string>
                <key>Idle Animation</key>
                <dict>
                    <key>value</key>
                    <string>4291</string>
                </dict>
            </dict>
            <dict>
                <key>id</key>
                <string>4537</string>
                <key>Idle Animation</key>
                <dict>
                    <key>value</key>
                    <string>4539</string>
                </dict>
            </dict>
            <dict>
                <key>id</key>
                <string>5397</string>
                <key>Idle Animation</key>
                <dict>
                    <key>value</key>
                    <string>5399</string>
                </dict>
            </dict>
            <dict>
                <key>id</key>
                <string>6069</string>
                <key>Idle Animation</key>
                <dict>
                    <key>value</key>
                    <string>6071</string>
                </dict>
            </dict>
            <dict>
                <key>id</key>
                <string>6080</string>
                <key>Idle Animation</key>
                <dict>
                    <key>value</key>
                    <string>6082</string>
                </dict>
            </dict>
            <dict>
                <key>id</key>
                <string>7266</string>
                <key>Idle Animation</key>
                <dict>
                    <key>value</key>
                    <string>7268</string>
                </dict>
            </dict>
            <dict>
                <key>id</key>
                <string>7375</string>
                <key>Idle Animation</key>
                <dict>
                    <key>value</key>
                    <string>7377</string>
                </dict>
            </dict>
            <dict>
                <key>id</key>
                <string>7429</string>
                <key>Idle Animation</key>
                <dict>
                    <key>value</key>
                    <string>7431</string>
                </dict>
            </dict>
            <dict>
                <key>id</key>
                <string>7715</string>
                <key>Idle Animation</key>
                <dict>
                    <key>value</key>
                    <string>7717</string>
                </dict>
            </dict>
            <dict>
                <key>id</key>
                <string>7827</string>
                <key>Idle Animation</key>
                <dict>
                    <key>value</key>
                    <string>7829</string>
                </dict>
            </dict>
            <dict>
                <key>id</key>
                <string>7868</string>
                <key>Idle Animation</key>
                <dict>
                    <key>value</key>
                    <string>7870</string>
                </dict>
            </dict>
            <dict>
                <key>id</key>
                <string>8413</string>
                <key>Idle Animation</key>
                <dict>
                    <key>value</key>
                    <string>8415</string>
                </dict>
            </dict>
            <dict>
                <key>id</key>
                <string>8537</string>
                <key>Idle Animation</key>
                <dict>
                    <key>value</key>
                    <string>8539</string>
                </dict>
            </dict>
        </array>
    </dict>
</plist>
