<?xml version="1.0" encoding="UTF-8"?>
<!DOCTYPE plist PUBLIC "-//Apple//DTD PLIST 1.0//EN" "http://www.apple.com/DTDs/PropertyList-1.0.dtd"/>

<plist version="1.0">
    <dict>
        <key>ROOT</key>
        <array>
            <dict>
                <key>id</key>
                <string>110</string>
            </dict>
            <dict>
                <key>id</key>
                <string>151</string>
            </dict>
            <dict>
                <key>id</key>
                <string>342</string>
            </dict>
            <dict>
                <key>id</key>
                <string>442</string>
            </dict>
            <dict>
                <key>id</key>
                <string>992</string>
            </dict>
            <dict>
                <key>id</key>
                <string>1043</string>
            </dict>
            <dict>
                <key>id</key>
                <string>1051</string>
            </dict>
            <dict>
                <key>id</key>
                <string>1187</string>
            </dict>
            <dict>
                <key>id</key>
                <string>1484</string>
            </dict>
            <dict>
                <key>id</key>
                <string>1490</string>
            </dict>
            <dict>
                <key>id</key>
                <string>1502</string>
            </dict>
            <dict>
                <key>id</key>
                <string>1567</string>
            </dict>
            <dict>
                <key>id</key>
                <string>1573</string>
            </dict>
            <dict>
                <key>id</key>
                <string>1576</string>
            </dict>
            <dict>
                <key>id</key>
                <string>1581</string>
            </dict>
            <dict>
                <key>id</key>
                <string>1589</string>
            </dict>
            <dict>
                <key>id</key>
                <string>1591</string>
            </dict>
            <dict>
                <key>id</key>
                <string>1598</string>
            </dict>
            <dict>
                <key>id</key>
                <string>1604</string>
            </dict>
            <dict>
                <key>id</key>
                <string>1607</string>
            </dict>
            <dict>
                <key>id</key>
                <string>1610</string>
            </dict>
            <dict>
                <key>id</key>
                <string>1620</string>
            </dict>
            <dict>
                <key>id</key>
                <string>1676</string>
            </dict>
            <dict>
                <key>id</key>
                <string>1679</string>
            </dict>
            <dict>
                <key>id</key>
                <string>1712</string>
            </dict>
            <dict>
                <key>id</key>
                <string>1713</string>
            </dict>
            <dict>
                <key>id</key>
                <string>1714</string>
            </dict>
            <dict>
                <key>id</key>
                <string>1715</string>
            </dict>
            <dict>
                <key>id</key>
                <string>1716</string>
            </dict>
            <dict>
                <key>id</key>
                <string>1717</string>
            </dict>
            <dict>
                <key>id</key>
                <string>1718</string>
            </dict>
            <dict>
                <key>id</key>
                <string>1719</string>
            </dict>
            <dict>
                <key>id</key>
                <string>1721</string>
            </dict>
            <dict>
                <key>id</key>
                <string>1722</string>
            </dict>
            <dict>
                <key>id</key>
                <string>1738</string>
            </dict>
            <dict>
                <key>id</key>
                <string>1739</string>
            </dict>
            <dict>
                <key>id</key>
                <string>1740</string>
            </dict>
            <dict>
                <key>id</key>
                <string>1741</string>
            </dict>
            <dict>
                <key>id</key>
                <string>1742</string>
            </dict>
            <dict>
                <key>id</key>
                <string>1743</string>
            </dict>
            <dict>
                <key>id</key>
                <string>1744</string>
            </dict>
            <dict>
                <key>id</key>
                <string>1745</string>
            </dict>
            <dict>
                <key>id</key>
                <string>1746</string>
            </dict>
            <dict>
                <key>id</key>
                <string>1747</string>
            </dict>
            <dict>
                <key>id</key>
                <string>1777</string>
            </dict>
            <dict>
                <key>id</key>
                <string>1778</string>
            </dict>
            <dict>
                <key>id</key>
                <string>1779</string>
            </dict>
            <dict>
                <key>id</key>
                <string>1780</string>
            </dict>
            <dict>
                <key>id</key>
                <string>1781</string>
            </dict>
            <dict>
                <key>id</key>
                <string>1782</string>
            </dict>
            <dict>
                <key>id</key>
                <string>1783</string>
            </dict>
            <dict>
                <key>id</key>
                <string>1784</string>
            </dict>
            <dict>
                <key>id</key>
                <string>1799</string>
            </dict>
            <dict>
                <key>id</key>
                <string>1800</string>
            </dict>
            <dict>
                <key>id</key>
                <string>1801</string>
            </dict>
            <dict>
                <key>id</key>
                <string>1802</string>
            </dict>
            <dict>
                <key>id</key>
                <string>1804</string>
            </dict>
            <dict>
                <key>id</key>
                <string>1805</string>
            </dict>
            <dict>
                <key>id</key>
                <string>1806</string>
            </dict>
            <dict>
                <key>id</key>
                <string>1807</string>
            </dict>
            <dict>
                <key>id</key>
                <string>1808</string>
            </dict>
            <dict>
                <key>id</key>
                <string>1809</string>
            </dict>
            <dict>
                <key>id</key>
                <string>1829</string>
            </dict>
            <dict>
                <key>id</key>
                <string>1830</string>
            </dict>
            <dict>
                <key>id</key>
                <string>1831</string>
            </dict>
            <dict>
                <key>id</key>
                <string>1832</string>
            </dict>
            <dict>
                <key>id</key>
                <string>1833</string>
            </dict>
            <dict>
                <key>id</key>
                <string>1834</string>
            </dict>
            <dict>
                <key>id</key>
                <string>1835</string>
            </dict>
            <dict>
                <key>id</key>
                <string>1836</string>
            </dict>
            <dict>
                <key>id</key>
                <string>1837</string>
            </dict>
            <dict>
                <key>id</key>
                <string>1838</string>
            </dict>
            <dict>
                <key>id</key>
                <string>1839</string>
            </dict>
            <dict>
                <key>id</key>
                <string>1840</string>
            </dict>
            <dict>
                <key>id</key>
                <string>1860</string>
            </dict>
            <dict>
                <key>id</key>
                <string>1861</string>
            </dict>
            <dict>
                <key>id</key>
                <string>1862</string>
            </dict>
            <dict>
                <key>id</key>
                <string>1863</string>
            </dict>
            <dict>
                <key>id</key>
                <string>1864</string>
            </dict>
            <dict>
                <key>id</key>
                <string>1865</string>
            </dict>
            <dict>
                <key>id</key>
                <string>1866</string>
            </dict>
            <dict>
                <key>id</key>
                <string>1867</string>
            </dict>
            <dict>
                <key>id</key>
                <string>1881</string>
            </dict>
            <dict>
                <key>id</key>
                <string>1882</string>
            </dict>
            <dict>
                <key>id</key>
                <string>1883</string>
            </dict>
            <dict>
                <key>id</key>
                <string>1885</string>
            </dict>
            <dict>
                <key>id</key>
                <string>1886</string>
            </dict>
            <dict>
                <key>id</key>
                <string>1916</string>
            </dict>
            <dict>
                <key>id</key>
                <string>1917</string>
            </dict>
            <dict>
                <key>id</key>
                <string>1918</string>
            </dict>
            <dict>
                <key>id</key>
                <string>1919</string>
            </dict>
            <dict>
                <key>id</key>
                <string>1920</string>
            </dict>
            <dict>
                <key>id</key>
                <string>1990</string>
            </dict>
            <dict>
                <key>id</key>
                <string>2080</string>
            </dict>
            <dict>
                <key>id</key>
                <string>2268</string>
            </dict>
            <dict>
                <key>id</key>
                <string>2297</string>
            </dict>
            <dict>
                <key>id</key>
                <string>2327</string>
            </dict>
            <dict>
                <key>id</key>
                <string>2511</string>
            </dict>
            <dict>
                <key>id</key>
                <string>2590</string>
            </dict>
            <dict>
                <key>id</key>
                <string>2630</string>
            </dict>
            <dict>
                <key>id</key>
                <string>2862</string>
            </dict>
            <dict>
                <key>id</key>
                <string>2991</string>
            </dict>
            <dict>
                <key>id</key>
                <string>3003</string>
            </dict>
            <dict>
                <key>id</key>
                <string>3023</string>
            </dict>
            <dict>
                <key>id</key>
                <string>3052</string>
            </dict>
            <dict>
                <key>id</key>
                <string>3275</string>
            </dict>
            <dict>
                <key>id</key>
                <string>3307</string>
            </dict>
            <dict>
                <key>id</key>
                <string>3326</string>
            </dict>
            <dict>
                <key>id</key>
                <string>3331</string>
            </dict>
            <dict>
                <key>id</key>
                <string>3335</string>
            </dict>
            <dict>
                <key>id</key>
                <string>3383</string>
            </dict>
            <dict>
                <key>id</key>
                <string>3399</string>
            </dict>
            <dict>
                <key>id</key>
                <string>3400</string>
            </dict>
            <dict>
                <key>id</key>
                <string>3401</string>
            </dict>
            <dict>
                <key>id</key>
                <string>3402</string>
            </dict>
            <dict>
                <key>id</key>
                <string>3403</string>
            </dict>
            <dict>
                <key>id</key>
                <string>3404</string>
            </dict>
            <dict>
                <key>id</key>
                <string>3416</string>
            </dict>
            <dict>
                <key>id</key>
                <string>3417</string>
            </dict>
            <dict>
                <key>id</key>
                <string>3418</string>
            </dict>
            <dict>
                <key>id</key>
                <string>3419</string>
            </dict>
            <dict>
                <key>id</key>
                <string>3420</string>
            </dict>
            <dict>
                <key>id</key>
                <string>3421</string>
            </dict>
            <dict>
                <key>id</key>
                <string>3459</string>
            </dict>
            <dict>
                <key>id</key>
                <string>3940</string>
            </dict>
            <dict>
                <key>id</key>
                <string>4237</string>
            </dict>
            <dict>
                <key>id</key>
                <string>4269</string>
            </dict>
            <dict>
                <key>id</key>
                <string>4288</string>
            </dict>
            <dict>
                <key>id</key>
                <string>4536</string>
            </dict>
            <dict>
                <key>id</key>
                <string>4720</string>
            </dict>
            <dict>
                <key>id</key>
                <string>4738</string>
            </dict>
            <dict>
                <key>id</key>
                <string>4779</string>
            </dict>
            <dict>
                <key>id</key>
                <string>4780</string>
            </dict>
            <dict>
                <key>id</key>
                <string>4781</string>
            </dict>
            <dict>
                <key>id</key>
                <string>4782</string>
            </dict>
            <dict>
                <key>id</key>
                <string>4783</string>
            </dict>
            <dict>
                <key>id</key>
                <string>5396</string>
            </dict>
            <dict>
                <key>id</key>
                <string>5640</string>
            </dict>
            <dict>
                <key>id</key>
                <string>5658</string>
            </dict>
            <dict>
                <key>id</key>
                <string>5673</string>
            </dict>
            <dict>
                <key>id</key>
                <string>5737</string>
            </dict>
            <dict>
                <key>id</key>
                <string>5767</string>
            </dict>
            <dict>
                <key>id</key>
                <string>5799</string>
            </dict>
            <dict>
                <key>id</key>
                <string>5829</string>
            </dict>
            <dict>
                <key>id</key>
                <string>6068</string>
            </dict>
            <dict>
                <key>id</key>
                <string>6079</string>
            </dict>
            <dict>
                <key>id</key>
                <string>7265</string>
            </dict>
            <dict>
                <key>id</key>
                <string>7353</string>
            </dict>
            <dict>
                <key>id</key>
                <string>7374</string>
            </dict>
            <dict>
                <key>id</key>
                <string>7428</string>
            </dict>
            <dict>
                <key>id</key>
                <string>7674</string>
            </dict>
            <dict>
                <key>id</key>
                <string>7675</string>
            </dict>
            <dict>
                <key>id</key>
                <string>7676</string>
            </dict>
            <dict>
                <key>id</key>
                <string>7677</string>
            </dict>
            <dict>
                <key>id</key>
                <string>7678</string>
            </dict>
            <dict>
                <key>id</key>
                <string>7679</string>
            </dict>
            <dict>
                <key>id</key>
                <string>7680</string>
            </dict>
            <dict>
                <key>id</key>
                <string>7681</string>
            </dict>
            <dict>
                <key>id</key>
                <string>7682</string>
            </dict>
            <dict>
                <key>id</key>
                <string>7683</string>
            </dict>
            <dict>
                <key>id</key>
                <string>7684</string>
            </dict>
            <dict>
                <key>id</key>
                <string>7685</string>
            </dict>
            <dict>
                <key>id</key>
                <string>7686</string>
            </dict>
            <dict>
                <key>id</key>
                <string>7687</string>
            </dict>
            <dict>
                <key>id</key>
                <string>7688</string>
            </dict>
            <dict>
                <key>id</key>
                <string>7689</string>
            </dict>
            <dict>
                <key>id</key>
                <string>7690</string>
            </dict>
            <dict>
                <key>id</key>
                <string>7691</string>
            </dict>
            <dict>
                <key>id</key>
                <string>7692</string>
            </dict>
            <dict>
                <key>id</key>
                <string>7693</string>
            </dict>
            <dict>
                <key>id</key>
                <string>7694</string>
            </dict>
            <dict>
                <key>id</key>
                <string>7695</string>
            </dict>
            <dict>
                <key>id</key>
                <string>7696</string>
            </dict>
            <dict>
                <key>id</key>
                <string>7697</string>
            </dict>
            <dict>
                <key>id</key>
                <string>7698</string>
            </dict>
            <dict>
                <key>id</key>
                <string>7699</string>
            </dict>
            <dict>
                <key>id</key>
                <string>7700</string>
            </dict>
            <dict>
                <key>id</key>
                <string>7701</string>
            </dict>
            <dict>
                <key>id</key>
                <string>7702</string>
            </dict>
            <dict>
                <key>id</key>
                <string>7703</string>
            </dict>
            <dict>
                <key>id</key>
                <string>7714</string>
            </dict>
            <dict>
                <key>id</key>
                <string>7750</string>
            </dict>
            <dict>
                <key>id</key>
                <string>7751</string>
            </dict>
            <dict>
                <key>id</key>
                <string>7752</string>
            </dict>
            <dict>
                <key>id</key>
                <string>7753</string>
            </dict>
            <dict>
                <key>id</key>
                <string>7754</string>
            </dict>
            <dict>
                <key>id</key>
                <string>7755</string>
            </dict>
            <dict>
                <key>id</key>
                <string>7756</string>
            </dict>
            <dict>
                <key>id</key>
                <string>7757</string>
            </dict>
            <dict>
                <key>id</key>
                <string>7758</string>
            </dict>
            <dict>
                <key>id</key>
                <string>7759</string>
            </dict>
            <dict>
                <key>id</key>
                <string>7760</string>
            </dict>
            <dict>
                <key>id</key>
                <string>7761</string>
            </dict>
            <dict>
                <key>id</key>
                <string>7762</string>
            </dict>
            <dict>
                <key>id</key>
                <string>7763</string>
            </dict>
            <dict>
                <key>id</key>
                <string>7764</string>
            </dict>
            <dict>
                <key>id</key>
                <string>7765</string>
            </dict>
            <dict>
                <key>id</key>
                <string>7766</string>
            </dict>
            <dict>
                <key>id</key>
                <string>7767</string>
            </dict>
            <dict>
                <key>id</key>
                <string>7768</string>
            </dict>
            <dict>
                <key>id</key>
                <string>7769</string>
            </dict>
            <dict>
                <key>id</key>
                <string>7770</string>
            </dict>
            <dict>
                <key>id</key>
                <string>7771</string>
            </dict>
            <dict>
                <key>id</key>
                <string>7772</string>
            </dict>
            <dict>
                <key>id</key>
                <string>7773</string>
            </dict>
            <dict>
                <key>id</key>
                <string>7774</string>
            </dict>
            <dict>
                <key>id</key>
                <string>7775</string>
            </dict>
            <dict>
                <key>id</key>
                <string>7776</string>
            </dict>
            <dict>
                <key>id</key>
                <string>7777</string>
            </dict>
            <dict>
                <key>id</key>
                <string>7778</string>
            </dict>
            <dict>
                <key>id</key>
                <string>7779</string>
            </dict>
            <dict>
                <key>id</key>
                <string>7826</string>
            </dict>
            <dict>
                <key>id</key>
                <string>7867</string>
            </dict>
            <dict>
                <key>id</key>
                <string>8412</string>
            </dict>
            <dict>
                <key>id</key>
                <string>8441</string>
            </dict>
            <dict>
                <key>id</key>
                <string>8442</string>
            </dict>
            <dict>
                <key>id</key>
                <string>8443</string>
            </dict>
            <dict>
                <key>id</key>
                <string>8444</string>
            </dict>
            <dict>
                <key>id</key>
                <string>8445</string>
            </dict>
            <dict>
                <key>id</key>
                <string>8536</string>
            </dict>
            <dict>
                <key>id</key>
                <string>8578</string>
            </dict>
            <dict>
                <key>id</key>
                <string>8579</string>
            </dict>
            <dict>
                <key>id</key>
                <string>8580</string>
            </dict>
            <dict>
                <key>id</key>
                <string>8581</string>
            </dict>
            <dict>
                <key>id</key>
                <string>8582</string>
            </dict>
            <dict>
                <key>id</key>
                <string>8583</string>
            </dict>
            <dict>
                <key>id</key>
                <string>9285</string>
            </dict>
            <dict>
                <key>id</key>
                <string>10028</string>
            </dict>
            <dict>
                <key>id</key>
                <string>10073</string>
            </dict>
            <dict>
                <key>id</key>
                <string>10079</string>
            </dict>
            <dict>
                <key>id</key>
                <string>10085</string>
            </dict>
            <dict>
                <key>id</key>
                <string>10109</string>
            </dict>
            <dict>
                <key>id</key>
                <string>11245</string>
            </dict>
            <dict>
                <key>id</key>
                <string>11666</string>
            </dict>
            <dict>
                <key>id</key>
                <string>11672</string>
            </dict>
            <dict>
                <key>id</key>
                <string>11679</string>
            </dict>
            <dict>
                <key>id</key>
                <string>11685</string>
            </dict>
            <dict>
                <key>id</key>
                <string>11691</string>
            </dict>
            <dict>
                <key>id</key>
                <string>11869</string>
            </dict>
            <dict>
                <key>id</key>
                <string>11996</string>
            </dict>
            <dict>
                <key>id</key>
                <string>12002</string>
            </dict>
            <dict>
                <key>id</key>
                <string>12189</string>
            </dict>
            <dict>
                <key>id</key>
                <string>12195</string>
            </dict>
            <dict>
                <key>id</key>
                <string>12201</string>
            </dict>
            <dict>
                <key>id</key>
                <string>12483</string>
            </dict>
            <dict>
                <key>id</key>
                <string>13148</string>
            </dict>
            <dict>
                <key>id</key>
                <string>13154</string>
            </dict>
            <dict>
                <key>id</key>
                <string>13160</string>
            </dict>
            <dict>
                <key>id</key>
                <string>13166</string>
            </dict>
            <dict>
                <key>id</key>
                <string>13172</string>
            </dict>
        </array>
    </dict>
</plist>
