<?xml version="1.0" encoding="UTF-8"?>
<!DOCTYPE plist PUBLIC "-//Apple//DTD PLIST 1.0//EN" "http://www.apple.com/DTDs/PropertyList-1.0.dtd"/>

<plist version="1.0">
    <dict>
        <key>ROOT</key>
        <array>
            <dict>
                <key>id</key>
                <string>11419</string>
                <key>className</key>
                <string>PTModelSound</string>
                <key>Name</key>
                <dict>
                    <key>value</key>
                    <string>01 - Super Mario Bros.mp3</string>
                </dict>
                <key>fileFormat</key>
                <string>mp3</string>
            </dict>
            <dict>
                <key>id</key>
                <string>11617</string>
                <key>className</key>
                <string>PTModelSound</string>
                <key>Name</key>
                <dict>
                    <key>value</key>
                    <string>coin-drop-1.mp3</string>
                </dict>
                <key>fileFormat</key>
                <string>mp3</string>
            </dict>
            <dict>
                <key>id</key>
                <string>11636</string>
                <key>className</key>
                <string>PTModelSound</string>
                <key>Name</key>
                <dict>
                    <key>value</key>
                    <string>coin-drop-1.mp3</string>
                </dict>
                <key>fileFormat</key>
                <string>mp3</string>
            </dict>
            <dict>
                <key>id</key>
                <string>11637</string>
                <key>className</key>
                <string>PTModelSound</string>
                <key>Name</key>
                <dict>
                    <key>value</key>
                    <string>coin-drop-1.mp3</string>
                </dict>
                <key>fileFormat</key>
                <string>mp3</string>
            </dict>
            <dict>
                <key>id</key>
                <string>11638</string>
                <key>className</key>
                <string>PTModelSound</string>
                <key>Name</key>
                <dict>
                    <key>value</key>
                    <string>coin-drop-1.mp3</string>
                </dict>
                <key>fileFormat</key>
                <string>mp3</string>
            </dict>
            <dict>
                <key>id</key>
                <string>11648</string>
                <key>className</key>
                <string>PTModelSound</string>
                <key>Name</key>
                <dict>
                    <key>value</key>
                    <string>coin-drop-1.mp3</string>
                </dict>
                <key>fileFormat</key>
                <string>mp3</string>
            </dict>
            <dict>
                <key>id</key>
                <string>11649</string>
                <key>className</key>
                <string>PTModelSound</string>
                <key>Name</key>
                <dict>
                    <key>value</key>
                    <string>coin-drop-1.mp3</string>
                </dict>
                <key>fileFormat</key>
                <string>mp3</string>
            </dict>
            <dict>
                <key>id</key>
                <string>11650</string>
                <key>className</key>
                <string>PTModelSound</string>
                <key>Name</key>
                <dict>
                    <key>value</key>
                    <string>coin-drop-1.mp3</string>
                </dict>
                <key>fileFormat</key>
                <string>mp3</string>
            </dict>
            <dict>
                <key>id</key>
                <string>11651</string>
                <key>className</key>
                <string>PTModelSound</string>
                <key>Name</key>
                <dict>
                    <key>value</key>
                    <string>coin-drop-1.mp3</string>
                </dict>
                <key>fileFormat</key>
                <string>mp3</string>
            </dict>
            <dict>
                <key>id</key>
                <string>11652</string>
                <key>className</key>
                <string>PTModelSound</string>
                <key>Name</key>
                <dict>
                    <key>value</key>
                    <string>coin-drop-1.mp3</string>
                </dict>
                <key>fileFormat</key>
                <string>mp3</string>
            </dict>
            <dict>
                <key>id</key>
                <string>11653</string>
                <key>className</key>
                <string>PTModelSound</string>
                <key>Name</key>
                <dict>
                    <key>value</key>
                    <string>coin-drop-1.mp3</string>
                </dict>
                <key>fileFormat</key>
                <string>mp3</string>
            </dict>
            <dict>
                <key>id</key>
                <string>11663</string>
                <key>className</key>
                <string>PTModelSound</string>
                <key>Name</key>
                <dict>
                    <key>value</key>
                    <string>01 - Super Mario Bros.mp3</string>
                </dict>
                <key>fileFormat</key>
                <string>mp3</string>
            </dict>
        </array>
    </dict>
</plist>
