<?xml version="1.0" encoding="UTF-8"?>
<!DOCTYPE plist PUBLIC "-//Apple//DTD PLIST 1.0//EN" "http://www.apple.com/DTDs/PropertyList-1.0.dtd"/>

<plist version="1.0">
    <dict>
        <key>ROOT</key>
        <array>
            <dict>
                <key>id</key>
                <string>962</string>
                <key>className</key>
                <string>PTModelComponentWakeup</string>
                <key>Name</key>
                <dict>
                    <key>visible</key>
                    <string>0</string>
                    <key>value</key>
                    <string>Wake Up</string>
                </dict>
                <key>Wake Up</key>
                <dict>
                    <key>selectedStringValue</key>
                    <string>kCollisionBasedWakeup</string>
                </dict>
                <key>Wakeup Distance</key>
                <dict>
                    <key>visible</key>
                    <string>0</string>
                </dict>
                <key>Sleep</key>
                <dict>
                    <key>selectedStringValue</key>
                    <string>kNoWakeup</string>
                </dict>
                <key>Sleep Distance</key>
                <dict>
                    <key>visible</key>
                    <string>0</string>
                </dict>
            </dict>
            <dict>
                <key>id</key>
                <string>963</string>
                <key>className</key>
                <string>PTModelComponentWakeup</string>
                <key>Name</key>
                <dict>
                    <key>visible</key>
                    <string>0</string>
                    <key>value</key>
                    <string>Wake Up</string>
                </dict>
                <key>Wake Up</key>
                <dict>
                    <key>selectedStringValue</key>
                    <string>kTimeBasedWakeup</string>
                </dict>
                <key>Wakeup Distance</key>
                <dict>
                    <key>value</key>
                    <string>100.000000</string>
                </dict>
                <key>Sleep</key>
                <dict>
                    <key>selectedStringValue</key>
                    <string>kNoWakeup</string>
                </dict>
                <key>Sleep Distance</key>
                <dict>
                    <key>visible</key>
                    <string>0</string>
                </dict>
            </dict>
            <dict>
                <key>id</key>
                <string>1269</string>
                <key>className</key>
                <string>PTModelComponentWakeup</string>
                <key>Name</key>
                <dict>
                    <key>visible</key>
                    <string>0</string>
                    <key>value</key>
                    <string>Wake Up</string>
                </dict>
                <key>Wake Up</key>
                <dict>
                    <key>selectedStringValue</key>
                    <string>kCollisionBasedWakeup</string>
                </dict>
                <key>Wakeup Distance</key>
                <dict>
                    <key>visible</key>
                    <string>0</string>
                </dict>
                <key>Sleep</key>
                <dict>
                    <key>selectedStringValue</key>
                    <string>kNoWakeup</string>
                </dict>
                <key>Sleep Distance</key>
                <dict>
                    <key>visible</key>
                    <string>0</string>
                </dict>
            </dict>
            <dict>
                <key>id</key>
                <string>1292</string>
                <key>className</key>
                <string>PTModelComponentWakeup</string>
                <key>Name</key>
                <dict>
                    <key>visible</key>
                    <string>0</string>
                    <key>value</key>
                    <string>Wake Up</string>
                </dict>
                <key>Wake Up</key>
                <dict>
                    <key>selectedStringValue</key>
                    <string>kTimeBasedWakeup</string>
                </dict>
                <key>Wakeup Distance</key>
                <dict>
                    <key>value</key>
                    <string>100.000000</string>
                </dict>
                <key>Sleep</key>
                <dict>
                    <key>selectedStringValue</key>
                    <string>kNoWakeup</string>
                </dict>
                <key>Sleep Distance</key>
                <dict>
                    <key>visible</key>
                    <string>0</string>
                </dict>
            </dict>
            <dict>
                <key>id</key>
                <string>2521</string>
                <key>className</key>
                <string>PTModelComponentWakeup</string>
                <key>Name</key>
                <dict>
                    <key>visible</key>
                    <string>0</string>
                    <key>value</key>
                    <string>Wake Up</string>
                </dict>
                <key>Wake Up</key>
                <dict>
                    <key>selectedStringValue</key>
                    <string>kTimeBasedWakeup</string>
                </dict>
                <key>Wakeup Distance</key>
                <dict>
                    <key>value</key>
                    <string>2.000000</string>
                </dict>
                <key>Sleep</key>
                <dict>
                    <key>selectedStringValue</key>
                    <string>kNoWakeup</string>
                </dict>
                <key>Sleep Distance</key>
                <dict>
                    <key>visible</key>
                    <string>0</string>
                </dict>
            </dict>
            <dict>
                <key>id</key>
                <string>2587</string>
                <key>className</key>
                <string>PTModelComponentWakeup</string>
                <key>Name</key>
                <dict>
                    <key>visible</key>
                    <string>0</string>
                    <key>value</key>
                    <string>Wake Up</string>
                </dict>
                <key>Wake Up</key>
                <dict>
                    <key>selectedStringValue</key>
                    <string>kTimeBasedWakeup</string>
                </dict>
                <key>Wakeup Distance</key>
                <dict>
                    <key>value</key>
                    <string>2.000000</string>
                </dict>
                <key>Sleep</key>
                <dict>
                    <key>selectedStringValue</key>
                    <string>kNoWakeup</string>
                </dict>
                <key>Sleep Distance</key>
                <dict>
                    <key>visible</key>
                    <string>0</string>
                </dict>
            </dict>
            <dict>
                <key>id</key>
                <string>2640</string>
                <key>className</key>
                <string>PTModelComponentWakeup</string>
                <key>Name</key>
                <dict>
                    <key>visible</key>
                    <string>0</string>
                    <key>value</key>
                    <string>Wake Up</string>
                </dict>
                <key>Wake Up</key>
                <dict>
                    <key>selectedStringValue</key>
                    <string>kTimeBasedWakeup</string>
                </dict>
                <key>Wakeup Distance</key>
                <dict>
                    <key>value</key>
                    <string>1.000000</string>
                </dict>
                <key>Sleep</key>
                <dict>
                    <key>selectedStringValue</key>
                    <string>kDistanceBasedSleep</string>
                </dict>
            </dict>
            <dict>
                <key>id</key>
                <string>2715</string>
                <key>className</key>
                <string>PTModelComponentWakeup</string>
                <key>Name</key>
                <dict>
                    <key>visible</key>
                    <string>0</string>
                    <key>value</key>
                    <string>Wake Up</string>
                </dict>
                <key>Wake Up</key>
                <dict>
                    <key>selectedStringValue</key>
                    <string>kTimeBasedWakeup</string>
                </dict>
                <key>Wakeup Distance</key>
                <dict>
                    <key>value</key>
                    <string>1.000000</string>
                </dict>
                <key>Sleep</key>
                <dict>
                    <key>selectedStringValue</key>
                    <string>kDistanceBasedSleep</string>
                </dict>
            </dict>
            <dict>
                <key>id</key>
                <string>2718</string>
                <key>className</key>
                <string>PTModelComponentWakeup</string>
                <key>Name</key>
                <dict>
                    <key>visible</key>
                    <string>0</string>
                    <key>value</key>
                    <string>Wake Up</string>
                </dict>
                <key>Wake Up</key>
                <dict>
                    <key>selectedStringValue</key>
                    <string>kTimeBasedWakeup</string>
                </dict>
                <key>Wakeup Distance</key>
                <dict>
                    <key>value</key>
                    <string>1.000000</string>
                </dict>
                <key>Sleep</key>
                <dict>
                    <key>selectedStringValue</key>
                    <string>kDistanceBasedSleep</string>
                </dict>
            </dict>
            <dict>
                <key>id</key>
                <string>2721</string>
                <key>className</key>
                <string>PTModelComponentWakeup</string>
                <key>Name</key>
                <dict>
                    <key>visible</key>
                    <string>0</string>
                    <key>value</key>
                    <string>Wake Up</string>
                </dict>
                <key>Wake Up</key>
                <dict>
                    <key>selectedStringValue</key>
                    <string>kTimeBasedWakeup</string>
                </dict>
                <key>Wakeup Distance</key>
                <dict>
                    <key>value</key>
                    <string>1.000000</string>
                </dict>
                <key>Sleep</key>
                <dict>
                    <key>selectedStringValue</key>
                    <string>kDistanceBasedSleep</string>
                </dict>
            </dict>
            <dict>
                <key>id</key>
                <string>2724</string>
                <key>className</key>
                <string>PTModelComponentWakeup</string>
                <key>Name</key>
                <dict>
                    <key>visible</key>
                    <string>0</string>
                    <key>value</key>
                    <string>Wake Up</string>
                </dict>
                <key>Wake Up</key>
                <dict>
                    <key>selectedStringValue</key>
                    <string>kTimeBasedWakeup</string>
                </dict>
                <key>Wakeup Distance</key>
                <dict>
                    <key>value</key>
                    <string>1.000000</string>
                </dict>
                <key>Sleep</key>
                <dict>
                    <key>selectedStringValue</key>
                    <string>kDistanceBasedSleep</string>
                </dict>
            </dict>
            <dict>
                <key>id</key>
                <string>2745</string>
                <key>className</key>
                <string>PTModelComponentWakeup</string>
                <key>Name</key>
                <dict>
                    <key>visible</key>
                    <string>0</string>
                    <key>value</key>
                    <string>Wake Up</string>
                </dict>
                <key>Wake Up</key>
                <dict>
                    <key>selectedStringValue</key>
                    <string>kTimeBasedWakeup</string>
                </dict>
                <key>Wakeup Distance</key>
                <dict>
                    <key>value</key>
                    <string>1.000000</string>
                </dict>
                <key>Sleep</key>
                <dict>
                    <key>selectedStringValue</key>
                    <string>kDistanceBasedSleep</string>
                </dict>
            </dict>
            <dict>
                <key>id</key>
                <string>2748</string>
                <key>className</key>
                <string>PTModelComponentWakeup</string>
                <key>Name</key>
                <dict>
                    <key>visible</key>
                    <string>0</string>
                    <key>value</key>
                    <string>Wake Up</string>
                </dict>
                <key>Wake Up</key>
                <dict>
                    <key>selectedStringValue</key>
                    <string>kTimeBasedWakeup</string>
                </dict>
                <key>Wakeup Distance</key>
                <dict>
                    <key>value</key>
                    <string>1.000000</string>
                </dict>
                <key>Sleep</key>
                <dict>
                    <key>selectedStringValue</key>
                    <string>kDistanceBasedSleep</string>
                </dict>
            </dict>
            <dict>
                <key>id</key>
                <string>2751</string>
                <key>className</key>
                <string>PTModelComponentWakeup</string>
                <key>Name</key>
                <dict>
                    <key>visible</key>
                    <string>0</string>
                    <key>value</key>
                    <string>Wake Up</string>
                </dict>
                <key>Wake Up</key>
                <dict>
                    <key>selectedStringValue</key>
                    <string>kTimeBasedWakeup</string>
                </dict>
                <key>Wakeup Distance</key>
                <dict>
                    <key>value</key>
                    <string>1.000000</string>
                </dict>
                <key>Sleep</key>
                <dict>
                    <key>selectedStringValue</key>
                    <string>kDistanceBasedSleep</string>
                </dict>
            </dict>
            <dict>
                <key>id</key>
                <string>2754</string>
                <key>className</key>
                <string>PTModelComponentWakeup</string>
                <key>Name</key>
                <dict>
                    <key>visible</key>
                    <string>0</string>
                    <key>value</key>
                    <string>Wake Up</string>
                </dict>
                <key>Wake Up</key>
                <dict>
                    <key>selectedStringValue</key>
                    <string>kTimeBasedWakeup</string>
                </dict>
                <key>Wakeup Distance</key>
                <dict>
                    <key>value</key>
                    <string>1.000000</string>
                </dict>
                <key>Sleep</key>
                <dict>
                    <key>selectedStringValue</key>
                    <string>kDistanceBasedSleep</string>
                </dict>
            </dict>
            <dict>
                <key>id</key>
                <string>2757</string>
                <key>className</key>
                <string>PTModelComponentWakeup</string>
                <key>Name</key>
                <dict>
                    <key>visible</key>
                    <string>0</string>
                    <key>value</key>
                    <string>Wake Up</string>
                </dict>
                <key>Wake Up</key>
                <dict>
                    <key>selectedStringValue</key>
                    <string>kTimeBasedWakeup</string>
                </dict>
                <key>Wakeup Distance</key>
                <dict>
                    <key>value</key>
                    <string>1.000000</string>
                </dict>
                <key>Sleep</key>
                <dict>
                    <key>selectedStringValue</key>
                    <string>kDistanceBasedSleep</string>
                </dict>
            </dict>
            <dict>
                <key>id</key>
                <string>2760</string>
                <key>className</key>
                <string>PTModelComponentWakeup</string>
                <key>Name</key>
                <dict>
                    <key>visible</key>
                    <string>0</string>
                    <key>value</key>
                    <string>Wake Up</string>
                </dict>
                <key>Wake Up</key>
                <dict>
                    <key>selectedStringValue</key>
                    <string>kTimeBasedWakeup</string>
                </dict>
                <key>Wakeup Distance</key>
                <dict>
                    <key>value</key>
                    <string>1.000000</string>
                </dict>
                <key>Sleep</key>
                <dict>
                    <key>selectedStringValue</key>
                    <string>kDistanceBasedSleep</string>
                </dict>
            </dict>
            <dict>
                <key>id</key>
                <string>2763</string>
                <key>className</key>
                <string>PTModelComponentWakeup</string>
                <key>Name</key>
                <dict>
                    <key>visible</key>
                    <string>0</string>
                    <key>value</key>
                    <string>Wake Up</string>
                </dict>
                <key>Wake Up</key>
                <dict>
                    <key>selectedStringValue</key>
                    <string>kTimeBasedWakeup</string>
                </dict>
                <key>Wakeup Distance</key>
                <dict>
                    <key>value</key>
                    <string>1.000000</string>
                </dict>
                <key>Sleep</key>
                <dict>
                    <key>selectedStringValue</key>
                    <string>kDistanceBasedSleep</string>
                </dict>
            </dict>
            <dict>
                <key>id</key>
                <string>2766</string>
                <key>className</key>
                <string>PTModelComponentWakeup</string>
                <key>Name</key>
                <dict>
                    <key>visible</key>
                    <string>0</string>
                    <key>value</key>
                    <string>Wake Up</string>
                </dict>
                <key>Wake Up</key>
                <dict>
                    <key>selectedStringValue</key>
                    <string>kTimeBasedWakeup</string>
                </dict>
                <key>Wakeup Distance</key>
                <dict>
                    <key>value</key>
                    <string>1.000000</string>
                </dict>
                <key>Sleep</key>
                <dict>
                    <key>selectedStringValue</key>
                    <string>kDistanceBasedSleep</string>
                </dict>
            </dict>
            <dict>
                <key>id</key>
                <string>2787</string>
                <key>className</key>
                <string>PTModelComponentWakeup</string>
                <key>Name</key>
                <dict>
                    <key>visible</key>
                    <string>0</string>
                    <key>value</key>
                    <string>Wake Up</string>
                </dict>
                <key>Wake Up</key>
                <dict>
                    <key>selectedStringValue</key>
                    <string>kTimeBasedWakeup</string>
                </dict>
                <key>Wakeup Distance</key>
                <dict>
                    <key>value</key>
                    <string>1.000000</string>
                </dict>
                <key>Sleep</key>
                <dict>
                    <key>selectedStringValue</key>
                    <string>kDistanceBasedSleep</string>
                </dict>
            </dict>
            <dict>
                <key>id</key>
                <string>2790</string>
                <key>className</key>
                <string>PTModelComponentWakeup</string>
                <key>Name</key>
                <dict>
                    <key>visible</key>
                    <string>0</string>
                    <key>value</key>
                    <string>Wake Up</string>
                </dict>
                <key>Wake Up</key>
                <dict>
                    <key>selectedStringValue</key>
                    <string>kTimeBasedWakeup</string>
                </dict>
                <key>Wakeup Distance</key>
                <dict>
                    <key>value</key>
                    <string>1.000000</string>
                </dict>
                <key>Sleep</key>
                <dict>
                    <key>selectedStringValue</key>
                    <string>kDistanceBasedSleep</string>
                </dict>
            </dict>
            <dict>
                <key>id</key>
                <string>2793</string>
                <key>className</key>
                <string>PTModelComponentWakeup</string>
                <key>Name</key>
                <dict>
                    <key>visible</key>
                    <string>0</string>
                    <key>value</key>
                    <string>Wake Up</string>
                </dict>
                <key>Wake Up</key>
                <dict>
                    <key>selectedStringValue</key>
                    <string>kTimeBasedWakeup</string>
                </dict>
                <key>Wakeup Distance</key>
                <dict>
                    <key>value</key>
                    <string>1.000000</string>
                </dict>
                <key>Sleep</key>
                <dict>
                    <key>selectedStringValue</key>
                    <string>kDistanceBasedSleep</string>
                </dict>
            </dict>
            <dict>
                <key>id</key>
                <string>2796</string>
                <key>className</key>
                <string>PTModelComponentWakeup</string>
                <key>Name</key>
                <dict>
                    <key>visible</key>
                    <string>0</string>
                    <key>value</key>
                    <string>Wake Up</string>
                </dict>
                <key>Wake Up</key>
                <dict>
                    <key>selectedStringValue</key>
                    <string>kTimeBasedWakeup</string>
                </dict>
                <key>Wakeup Distance</key>
                <dict>
                    <key>value</key>
                    <string>1.000000</string>
                </dict>
                <key>Sleep</key>
                <dict>
                    <key>selectedStringValue</key>
                    <string>kDistanceBasedSleep</string>
                </dict>
            </dict>
            <dict>
                <key>id</key>
                <string>2799</string>
                <key>className</key>
                <string>PTModelComponentWakeup</string>
                <key>Name</key>
                <dict>
                    <key>visible</key>
                    <string>0</string>
                    <key>value</key>
                    <string>Wake Up</string>
                </dict>
                <key>Wake Up</key>
                <dict>
                    <key>selectedStringValue</key>
                    <string>kTimeBasedWakeup</string>
                </dict>
                <key>Wakeup Distance</key>
                <dict>
                    <key>value</key>
                    <string>1.000000</string>
                </dict>
                <key>Sleep</key>
                <dict>
                    <key>selectedStringValue</key>
                    <string>kDistanceBasedSleep</string>
                </dict>
            </dict>
            <dict>
                <key>id</key>
                <string>2802</string>
                <key>className</key>
                <string>PTModelComponentWakeup</string>
                <key>Name</key>
                <dict>
                    <key>visible</key>
                    <string>0</string>
                    <key>value</key>
                    <string>Wake Up</string>
                </dict>
                <key>Wake Up</key>
                <dict>
                    <key>selectedStringValue</key>
                    <string>kTimeBasedWakeup</string>
                </dict>
                <key>Wakeup Distance</key>
                <dict>
                    <key>value</key>
                    <string>1.000000</string>
                </dict>
                <key>Sleep</key>
                <dict>
                    <key>selectedStringValue</key>
                    <string>kDistanceBasedSleep</string>
                </dict>
            </dict>
            <dict>
                <key>id</key>
                <string>2805</string>
                <key>className</key>
                <string>PTModelComponentWakeup</string>
                <key>Name</key>
                <dict>
                    <key>visible</key>
                    <string>0</string>
                    <key>value</key>
                    <string>Wake Up</string>
                </dict>
                <key>Wake Up</key>
                <dict>
                    <key>selectedStringValue</key>
                    <string>kTimeBasedWakeup</string>
                </dict>
                <key>Wakeup Distance</key>
                <dict>
                    <key>value</key>
                    <string>1.000000</string>
                </dict>
                <key>Sleep</key>
                <dict>
                    <key>selectedStringValue</key>
                    <string>kDistanceBasedSleep</string>
                </dict>
            </dict>
            <dict>
                <key>id</key>
                <string>2808</string>
                <key>className</key>
                <string>PTModelComponentWakeup</string>
                <key>Name</key>
                <dict>
                    <key>visible</key>
                    <string>0</string>
                    <key>value</key>
                    <string>Wake Up</string>
                </dict>
                <key>Wake Up</key>
                <dict>
                    <key>selectedStringValue</key>
                    <string>kTimeBasedWakeup</string>
                </dict>
                <key>Wakeup Distance</key>
                <dict>
                    <key>value</key>
                    <string>1.000000</string>
                </dict>
                <key>Sleep</key>
                <dict>
                    <key>selectedStringValue</key>
                    <string>kDistanceBasedSleep</string>
                </dict>
            </dict>
            <dict>
                <key>id</key>
                <string>2811</string>
                <key>className</key>
                <string>PTModelComponentWakeup</string>
                <key>Name</key>
                <dict>
                    <key>visible</key>
                    <string>0</string>
                    <key>value</key>
                    <string>Wake Up</string>
                </dict>
                <key>Wake Up</key>
                <dict>
                    <key>selectedStringValue</key>
                    <string>kTimeBasedWakeup</string>
                </dict>
                <key>Wakeup Distance</key>
                <dict>
                    <key>value</key>
                    <string>1.000000</string>
                </dict>
                <key>Sleep</key>
                <dict>
                    <key>selectedStringValue</key>
                    <string>kDistanceBasedSleep</string>
                </dict>
            </dict>
            <dict>
                <key>id</key>
                <string>2850</string>
                <key>className</key>
                <string>PTModelComponentWakeup</string>
                <key>Name</key>
                <dict>
                    <key>visible</key>
                    <string>0</string>
                    <key>value</key>
                    <string>Wake Up</string>
                </dict>
                <key>Wake Up</key>
                <dict>
                    <key>selectedStringValue</key>
                    <string>kTimeBasedWakeup</string>
                </dict>
                <key>Wakeup Distance</key>
                <dict>
                    <key>value</key>
                    <string>1.000000</string>
                </dict>
                <key>Sleep</key>
                <dict>
                    <key>selectedStringValue</key>
                    <string>kDistanceBasedSleep</string>
                </dict>
            </dict>
            <dict>
                <key>id</key>
                <string>2853</string>
                <key>className</key>
                <string>PTModelComponentWakeup</string>
                <key>Name</key>
                <dict>
                    <key>visible</key>
                    <string>0</string>
                    <key>value</key>
                    <string>Wake Up</string>
                </dict>
                <key>Wake Up</key>
                <dict>
                    <key>selectedStringValue</key>
                    <string>kTimeBasedWakeup</string>
                </dict>
                <key>Wakeup Distance</key>
                <dict>
                    <key>value</key>
                    <string>1.000000</string>
                </dict>
                <key>Sleep</key>
                <dict>
                    <key>selectedStringValue</key>
                    <string>kDistanceBasedSleep</string>
                </dict>
            </dict>
            <dict>
                <key>id</key>
                <string>2856</string>
                <key>className</key>
                <string>PTModelComponentWakeup</string>
                <key>Name</key>
                <dict>
                    <key>visible</key>
                    <string>0</string>
                    <key>value</key>
                    <string>Wake Up</string>
                </dict>
                <key>Wake Up</key>
                <dict>
                    <key>selectedStringValue</key>
                    <string>kTimeBasedWakeup</string>
                </dict>
                <key>Wakeup Distance</key>
                <dict>
                    <key>value</key>
                    <string>1.000000</string>
                </dict>
                <key>Sleep</key>
                <dict>
                    <key>selectedStringValue</key>
                    <string>kDistanceBasedSleep</string>
                </dict>
            </dict>
            <dict>
                <key>id</key>
                <string>2859</string>
                <key>className</key>
                <string>PTModelComponentWakeup</string>
                <key>Name</key>
                <dict>
                    <key>visible</key>
                    <string>0</string>
                    <key>value</key>
                    <string>Wake Up</string>
                </dict>
                <key>Wake Up</key>
                <dict>
                    <key>selectedStringValue</key>
                    <string>kTimeBasedWakeup</string>
                </dict>
                <key>Wakeup Distance</key>
                <dict>
                    <key>value</key>
                    <string>1.000000</string>
                </dict>
                <key>Sleep</key>
                <dict>
                    <key>selectedStringValue</key>
                    <string>kDistanceBasedSleep</string>
                </dict>
            </dict>
            <dict>
                <key>id</key>
                <string>2896</string>
                <key>className</key>
                <string>PTModelComponentWakeup</string>
                <key>Name</key>
                <dict>
                    <key>visible</key>
                    <string>0</string>
                    <key>value</key>
                    <string>Wake Up</string>
                </dict>
                <key>Wake Up</key>
                <dict>
                    <key>selectedStringValue</key>
                    <string>kTimeBasedWakeup</string>
                </dict>
                <key>Wakeup Distance</key>
                <dict>
                    <key>value</key>
                    <string>2.000000</string>
                </dict>
                <key>Sleep</key>
                <dict>
                    <key>selectedStringValue</key>
                    <string>kNoWakeup</string>
                </dict>
                <key>Sleep Distance</key>
                <dict>
                    <key>visible</key>
                    <string>0</string>
                </dict>
            </dict>
            <dict>
                <key>id</key>
                <string>2906</string>
                <key>className</key>
                <string>PTModelComponentWakeup</string>
                <key>Name</key>
                <dict>
                    <key>visible</key>
                    <string>0</string>
                    <key>value</key>
                    <string>Wake Up</string>
                </dict>
                <key>Wake Up</key>
                <dict>
                    <key>selectedStringValue</key>
                    <string>kTimeBasedWakeup</string>
                </dict>
                <key>Wakeup Distance</key>
                <dict>
                    <key>value</key>
                    <string>2.000000</string>
                </dict>
                <key>Sleep</key>
                <dict>
                    <key>selectedStringValue</key>
                    <string>kNoWakeup</string>
                </dict>
                <key>Sleep Distance</key>
                <dict>
                    <key>visible</key>
                    <string>0</string>
                </dict>
            </dict>
            <dict>
                <key>id</key>
                <string>2907</string>
                <key>className</key>
                <string>PTModelComponentWakeup</string>
                <key>Name</key>
                <dict>
                    <key>visible</key>
                    <string>0</string>
                    <key>value</key>
                    <string>Wake Up</string>
                </dict>
                <key>Wake Up</key>
                <dict>
                    <key>selectedStringValue</key>
                    <string>kTimeBasedWakeup</string>
                </dict>
                <key>Wakeup Distance</key>
                <dict>
                    <key>value</key>
                    <string>2.000000</string>
                </dict>
                <key>Sleep</key>
                <dict>
                    <key>selectedStringValue</key>
                    <string>kNoWakeup</string>
                </dict>
                <key>Sleep Distance</key>
                <dict>
                    <key>visible</key>
                    <string>0</string>
                </dict>
            </dict>
            <dict>
                <key>id</key>
                <string>2908</string>
                <key>className</key>
                <string>PTModelComponentWakeup</string>
                <key>Name</key>
                <dict>
                    <key>visible</key>
                    <string>0</string>
                    <key>value</key>
                    <string>Wake Up</string>
                </dict>
                <key>Wake Up</key>
                <dict>
                    <key>selectedStringValue</key>
                    <string>kTimeBasedWakeup</string>
                </dict>
                <key>Wakeup Distance</key>
                <dict>
                    <key>value</key>
                    <string>2.000000</string>
                </dict>
                <key>Sleep</key>
                <dict>
                    <key>selectedStringValue</key>
                    <string>kNoWakeup</string>
                </dict>
                <key>Sleep Distance</key>
                <dict>
                    <key>visible</key>
                    <string>0</string>
                </dict>
            </dict>
            <dict>
                <key>id</key>
                <string>4431</string>
                <key>className</key>
                <string>PTModelComponentWakeup</string>
                <key>Name</key>
                <dict>
                    <key>visible</key>
                    <string>0</string>
                    <key>value</key>
                    <string>Wake Up</string>
                </dict>
                <key>Wake Up</key>
                <dict>
                    <key>selectedStringValue</key>
                    <string>kTimeBasedWakeup</string>
                </dict>
                <key>Wakeup Distance</key>
                <dict>
                    <key>value</key>
                    <string>2.000000</string>
                </dict>
                <key>Sleep</key>
                <dict>
                    <key>selectedStringValue</key>
                    <string>kNoWakeup</string>
                </dict>
                <key>Sleep Distance</key>
                <dict>
                    <key>visible</key>
                    <string>0</string>
                </dict>
            </dict>
            <dict>
                <key>id</key>
                <string>4485</string>
                <key>className</key>
                <string>PTModelComponentWakeup</string>
                <key>Name</key>
                <dict>
                    <key>visible</key>
                    <string>0</string>
                    <key>value</key>
                    <string>Wake Up</string>
                </dict>
                <key>Wake Up</key>
                <dict>
                    <key>selectedStringValue</key>
                    <string>kTimeBasedWakeup</string>
                </dict>
                <key>Wakeup Distance</key>
                <dict>
                    <key>value</key>
                    <string>2.000000</string>
                </dict>
                <key>Sleep</key>
                <dict>
                    <key>selectedStringValue</key>
                    <string>kNoWakeup</string>
                </dict>
                <key>Sleep Distance</key>
                <dict>
                    <key>visible</key>
                    <string>0</string>
                </dict>
            </dict>
            <dict>
                <key>id</key>
                <string>4486</string>
                <key>className</key>
                <string>PTModelComponentWakeup</string>
                <key>Name</key>
                <dict>
                    <key>visible</key>
                    <string>0</string>
                    <key>value</key>
                    <string>Wake Up</string>
                </dict>
                <key>Wake Up</key>
                <dict>
                    <key>selectedStringValue</key>
                    <string>kTimeBasedWakeup</string>
                </dict>
                <key>Wakeup Distance</key>
                <dict>
                    <key>value</key>
                    <string>2.000000</string>
                </dict>
                <key>Sleep</key>
                <dict>
                    <key>selectedStringValue</key>
                    <string>kNoWakeup</string>
                </dict>
                <key>Sleep Distance</key>
                <dict>
                    <key>visible</key>
                    <string>0</string>
                </dict>
            </dict>
            <dict>
                <key>id</key>
                <string>4487</string>
                <key>className</key>
                <string>PTModelComponentWakeup</string>
                <key>Name</key>
                <dict>
                    <key>visible</key>
                    <string>0</string>
                    <key>value</key>
                    <string>Wake Up</string>
                </dict>
                <key>Wake Up</key>
                <dict>
                    <key>selectedStringValue</key>
                    <string>kTimeBasedWakeup</string>
                </dict>
                <key>Wakeup Distance</key>
                <dict>
                    <key>value</key>
                    <string>2.000000</string>
                </dict>
                <key>Sleep</key>
                <dict>
                    <key>selectedStringValue</key>
                    <string>kNoWakeup</string>
                </dict>
                <key>Sleep Distance</key>
                <dict>
                    <key>visible</key>
                    <string>0</string>
                </dict>
            </dict>
            <dict>
                <key>id</key>
                <string>4488</string>
                <key>className</key>
                <string>PTModelComponentWakeup</string>
                <key>Name</key>
                <dict>
                    <key>visible</key>
                    <string>0</string>
                    <key>value</key>
                    <string>Wake Up</string>
                </dict>
                <key>Wake Up</key>
                <dict>
                    <key>selectedStringValue</key>
                    <string>kTimeBasedWakeup</string>
                </dict>
                <key>Wakeup Distance</key>
                <dict>
                    <key>value</key>
                    <string>2.000000</string>
                </dict>
                <key>Sleep</key>
                <dict>
                    <key>selectedStringValue</key>
                    <string>kNoWakeup</string>
                </dict>
                <key>Sleep Distance</key>
                <dict>
                    <key>visible</key>
                    <string>0</string>
                </dict>
            </dict>
            <dict>
                <key>id</key>
                <string>4526</string>
                <key>className</key>
                <string>PTModelComponentWakeup</string>
                <key>Name</key>
                <dict>
                    <key>visible</key>
                    <string>0</string>
                    <key>value</key>
                    <string>Wake Up</string>
                </dict>
                <key>Wake Up</key>
                <dict>
                    <key>selectedStringValue</key>
                    <string>kTimeBasedWakeup</string>
                </dict>
                <key>Wakeup Distance</key>
                <dict>
                    <key>value</key>
                    <string>2.000000</string>
                </dict>
                <key>Sleep</key>
                <dict>
                    <key>selectedStringValue</key>
                    <string>kNoWakeup</string>
                </dict>
                <key>Sleep Distance</key>
                <dict>
                    <key>visible</key>
                    <string>0</string>
                </dict>
            </dict>
            <dict>
                <key>id</key>
                <string>4528</string>
                <key>className</key>
                <string>PTModelComponentWakeup</string>
                <key>Name</key>
                <dict>
                    <key>visible</key>
                    <string>0</string>
                    <key>value</key>
                    <string>Wake Up</string>
                </dict>
                <key>Wake Up</key>
                <dict>
                    <key>selectedStringValue</key>
                    <string>kTimeBasedWakeup</string>
                </dict>
                <key>Wakeup Distance</key>
                <dict>
                    <key>value</key>
                    <string>2.000000</string>
                </dict>
                <key>Sleep</key>
                <dict>
                    <key>selectedStringValue</key>
                    <string>kNoWakeup</string>
                </dict>
                <key>Sleep Distance</key>
                <dict>
                    <key>visible</key>
                    <string>0</string>
                </dict>
            </dict>
            <dict>
                <key>id</key>
                <string>4530</string>
                <key>className</key>
                <string>PTModelComponentWakeup</string>
                <key>Name</key>
                <dict>
                    <key>visible</key>
                    <string>0</string>
                    <key>value</key>
                    <string>Wake Up</string>
                </dict>
                <key>Wake Up</key>
                <dict>
                    <key>selectedStringValue</key>
                    <string>kTimeBasedWakeup</string>
                </dict>
                <key>Wakeup Distance</key>
                <dict>
                    <key>value</key>
                    <string>2.000000</string>
                </dict>
                <key>Sleep</key>
                <dict>
                    <key>selectedStringValue</key>
                    <string>kNoWakeup</string>
                </dict>
                <key>Sleep Distance</key>
                <dict>
                    <key>visible</key>
                    <string>0</string>
                </dict>
            </dict>
            <dict>
                <key>id</key>
                <string>4532</string>
                <key>className</key>
                <string>PTModelComponentWakeup</string>
                <key>Name</key>
                <dict>
                    <key>visible</key>
                    <string>0</string>
                    <key>value</key>
                    <string>Wake Up</string>
                </dict>
                <key>Wake Up</key>
                <dict>
                    <key>selectedStringValue</key>
                    <string>kTimeBasedWakeup</string>
                </dict>
                <key>Wakeup Distance</key>
                <dict>
                    <key>value</key>
                    <string>2.000000</string>
                </dict>
                <key>Sleep</key>
                <dict>
                    <key>selectedStringValue</key>
                    <string>kNoWakeup</string>
                </dict>
                <key>Sleep Distance</key>
                <dict>
                    <key>visible</key>
                    <string>0</string>
                </dict>
            </dict>
            <dict>
                <key>id</key>
                <string>4534</string>
                <key>className</key>
                <string>PTModelComponentWakeup</string>
                <key>Name</key>
                <dict>
                    <key>visible</key>
                    <string>0</string>
                    <key>value</key>
                    <string>Wake Up</string>
                </dict>
                <key>Wake Up</key>
                <dict>
                    <key>selectedStringValue</key>
                    <string>kTimeBasedWakeup</string>
                </dict>
                <key>Wakeup Distance</key>
                <dict>
                    <key>value</key>
                    <string>2.000000</string>
                </dict>
                <key>Sleep</key>
                <dict>
                    <key>selectedStringValue</key>
                    <string>kNoWakeup</string>
                </dict>
                <key>Sleep Distance</key>
                <dict>
                    <key>visible</key>
                    <string>0</string>
                </dict>
            </dict>
            <dict>
                <key>id</key>
                <string>4554</string>
                <key>className</key>
                <string>PTModelComponentWakeup</string>
                <key>Name</key>
                <dict>
                    <key>visible</key>
                    <string>0</string>
                    <key>value</key>
                    <string>Wake Up</string>
                </dict>
                <key>Wake Up</key>
                <dict>
                    <key>selectedStringValue</key>
                    <string>kTimeBasedWakeup</string>
                </dict>
                <key>Wakeup Distance</key>
                <dict>
                    <key>value</key>
                    <string>2.000000</string>
                </dict>
                <key>Sleep</key>
                <dict>
                    <key>selectedStringValue</key>
                    <string>kNoWakeup</string>
                </dict>
                <key>Sleep Distance</key>
                <dict>
                    <key>visible</key>
                    <string>0</string>
                </dict>
            </dict>
            <dict>
                <key>id</key>
                <string>4555</string>
                <key>className</key>
                <string>PTModelComponentWakeup</string>
                <key>Name</key>
                <dict>
                    <key>visible</key>
                    <string>0</string>
                    <key>value</key>
                    <string>Wake Up</string>
                </dict>
                <key>Wake Up</key>
                <dict>
                    <key>selectedStringValue</key>
                    <string>kTimeBasedWakeup</string>
                </dict>
                <key>Wakeup Distance</key>
                <dict>
                    <key>value</key>
                    <string>2.000000</string>
                </dict>
                <key>Sleep</key>
                <dict>
                    <key>selectedStringValue</key>
                    <string>kNoWakeup</string>
                </dict>
                <key>Sleep Distance</key>
                <dict>
                    <key>visible</key>
                    <string>0</string>
                </dict>
            </dict>
            <dict>
                <key>id</key>
                <string>4556</string>
                <key>className</key>
                <string>PTModelComponentWakeup</string>
                <key>Name</key>
                <dict>
                    <key>visible</key>
                    <string>0</string>
                    <key>value</key>
                    <string>Wake Up</string>
                </dict>
                <key>Wake Up</key>
                <dict>
                    <key>selectedStringValue</key>
                    <string>kTimeBasedWakeup</string>
                </dict>
                <key>Wakeup Distance</key>
                <dict>
                    <key>value</key>
                    <string>2.000000</string>
                </dict>
                <key>Sleep</key>
                <dict>
                    <key>selectedStringValue</key>
                    <string>kNoWakeup</string>
                </dict>
                <key>Sleep Distance</key>
                <dict>
                    <key>visible</key>
                    <string>0</string>
                </dict>
            </dict>
            <dict>
                <key>id</key>
                <string>4557</string>
                <key>className</key>
                <string>PTModelComponentWakeup</string>
                <key>Name</key>
                <dict>
                    <key>visible</key>
                    <string>0</string>
                    <key>value</key>
                    <string>Wake Up</string>
                </dict>
                <key>Wake Up</key>
                <dict>
                    <key>selectedStringValue</key>
                    <string>kTimeBasedWakeup</string>
                </dict>
                <key>Wakeup Distance</key>
                <dict>
                    <key>value</key>
                    <string>2.000000</string>
                </dict>
                <key>Sleep</key>
                <dict>
                    <key>selectedStringValue</key>
                    <string>kNoWakeup</string>
                </dict>
                <key>Sleep Distance</key>
                <dict>
                    <key>visible</key>
                    <string>0</string>
                </dict>
            </dict>
            <dict>
                <key>id</key>
                <string>4558</string>
                <key>className</key>
                <string>PTModelComponentWakeup</string>
                <key>Name</key>
                <dict>
                    <key>visible</key>
                    <string>0</string>
                    <key>value</key>
                    <string>Wake Up</string>
                </dict>
                <key>Wake Up</key>
                <dict>
                    <key>selectedStringValue</key>
                    <string>kTimeBasedWakeup</string>
                </dict>
                <key>Wakeup Distance</key>
                <dict>
                    <key>value</key>
                    <string>2.000000</string>
                </dict>
                <key>Sleep</key>
                <dict>
                    <key>selectedStringValue</key>
                    <string>kNoWakeup</string>
                </dict>
                <key>Sleep Distance</key>
                <dict>
                    <key>visible</key>
                    <string>0</string>
                </dict>
            </dict>
            <dict>
                <key>id</key>
                <string>4577</string>
                <key>className</key>
                <string>PTModelComponentWakeup</string>
                <key>Name</key>
                <dict>
                    <key>visible</key>
                    <string>0</string>
                    <key>value</key>
                    <string>Wake Up</string>
                </dict>
                <key>Wake Up</key>
                <dict>
                    <key>selectedStringValue</key>
                    <string>kCollisionBasedWakeup</string>
                </dict>
                <key>Wakeup Distance</key>
                <dict>
                    <key>visible</key>
                    <string>0</string>
                </dict>
                <key>Sleep</key>
                <dict>
                    <key>selectedStringValue</key>
                    <string>kDistanceBasedSleep</string>
                </dict>
                <key>Sleep Distance</key>
                <dict>
                    <key>value</key>
                    <string>440.000000</string>
                </dict>
            </dict>
        </array>
    </dict>
</plist>
