<?xml version="1.0" encoding="UTF-8"?>
<!DOCTYPE plist PUBLIC "-//Apple//DTD PLIST 1.0//EN" "http://www.apple.com/DTDs/PropertyList-1.0.dtd"/>

<plist version="1.0">
    <dict>
        <key>ROOT</key>
        <array>
            <dict>
                <key>id</key>
                <string>2336</string>
                <key>Asset</key>
                <dict>
                    <key>value</key>
                    <string>2328</string>
                </dict>
            </dict>
            <dict>
                <key>id</key>
                <string>2338</string>
                <key>Asset</key>
                <dict>
                    <key>value</key>
                    <string>2328</string>
                </dict>
            </dict>
            <dict>
                <key>id</key>
                <string>2340</string>
                <key>Asset</key>
                <dict>
                    <key>value</key>
                    <string>2328</string>
                </dict>
            </dict>
            <dict>
                <key>id</key>
                <string>2871</string>
                <key>Asset</key>
                <dict>
                    <key>value</key>
                    <string>2863</string>
                </dict>
                <key>components</key>
                <array>
                    <string>2896</string>
                </array>
            </dict>
            <dict>
                <key>id</key>
                <string>2873</string>
                <key>Asset</key>
                <dict>
                    <key>value</key>
                    <string>2863</string>
                </dict>
                <key>components</key>
                <array>
                    <string>2906</string>
                </array>
            </dict>
            <dict>
                <key>id</key>
                <string>2875</string>
                <key>Asset</key>
                <dict>
                    <key>value</key>
                    <string>2863</string>
                </dict>
                <key>components</key>
                <array>
                    <string>2907</string>
                </array>
            </dict>
            <dict>
                <key>id</key>
                <string>2877</string>
                <key>Asset</key>
                <dict>
                    <key>value</key>
                    <string>2863</string>
                </dict>
                <key>components</key>
                <array>
                    <string>2908</string>
                </array>
            </dict>
            <dict>
                <key>id</key>
                <string>3012</string>
                <key>Asset</key>
                <dict>
                    <key>value</key>
                    <string>3004</string>
                </dict>
            </dict>
            <dict>
                <key>id</key>
                <string>3032</string>
                <key>Asset</key>
                <dict>
                    <key>value</key>
                    <string>3024</string>
                </dict>
            </dict>
            <dict>
                <key>id</key>
                <string>4246</string>
                <key>Asset</key>
                <dict>
                    <key>value</key>
                    <string>4238</string>
                </dict>
            </dict>
            <dict>
                <key>id</key>
                <string>4248</string>
                <key>Asset</key>
                <dict>
                    <key>value</key>
                    <string>4238</string>
                </dict>
            </dict>
            <dict>
                <key>id</key>
                <string>4260</string>
                <key>Asset</key>
                <dict>
                    <key>value</key>
                    <string>4238</string>
                </dict>
            </dict>
            <dict>
                <key>id</key>
                <string>4262</string>
                <key>Asset</key>
                <dict>
                    <key>value</key>
                    <string>4238</string>
                </dict>
            </dict>
            <dict>
                <key>id</key>
                <string>4297</string>
                <key>Asset</key>
                <dict>
                    <key>value</key>
                    <string>4289</string>
                </dict>
                <key>components</key>
                <array>
                    <string>4577</string>
                </array>
            </dict>
            <dict>
                <key>id</key>
                <string>4545</string>
                <key>Asset</key>
                <dict>
                    <key>value</key>
                    <string>4537</string>
                </dict>
                <key>components</key>
                <array>
                    <string>4555</string>
                </array>
            </dict>
            <dict>
                <key>id</key>
                <string>4547</string>
                <key>Asset</key>
                <dict>
                    <key>value</key>
                    <string>4537</string>
                </dict>
                <key>components</key>
                <array>
                    <string>4556</string>
                </array>
            </dict>
            <dict>
                <key>id</key>
                <string>4549</string>
                <key>Asset</key>
                <dict>
                    <key>value</key>
                    <string>4537</string>
                </dict>
                <key>components</key>
                <array>
                    <string>4557</string>
                </array>
            </dict>
            <dict>
                <key>id</key>
                <string>4551</string>
                <key>Asset</key>
                <dict>
                    <key>value</key>
                    <string>4537</string>
                </dict>
                <key>components</key>
                <array>
                    <string>4558</string>
                </array>
            </dict>
            <dict>
                <key>id</key>
                <string>4553</string>
                <key>Asset</key>
                <dict>
                    <key>value</key>
                    <string>4537</string>
                </dict>
                <key>components</key>
                <array>
                    <string>4554</string>
                </array>
            </dict>
            <dict>
                <key>id</key>
                <string>5405</string>
                <key>Asset</key>
                <dict>
                    <key>value</key>
                    <string>5397</string>
                </dict>
            </dict>
            <dict>
                <key>id</key>
                <string>5407</string>
                <key>Asset</key>
                <dict>
                    <key>value</key>
                    <string>5397</string>
                </dict>
            </dict>
            <dict>
                <key>id</key>
                <string>5409</string>
                <key>Asset</key>
                <dict>
                    <key>value</key>
                    <string>5397</string>
                </dict>
            </dict>
            <dict>
                <key>id</key>
                <string>5411</string>
                <key>Asset</key>
                <dict>
                    <key>value</key>
                    <string>5397</string>
                </dict>
            </dict>
            <dict>
                <key>id</key>
                <string>5413</string>
                <key>Asset</key>
                <dict>
                    <key>value</key>
                    <string>5397</string>
                </dict>
            </dict>
            <dict>
                <key>id</key>
                <string>5415</string>
                <key>Asset</key>
                <dict>
                    <key>value</key>
                    <string>5397</string>
                </dict>
            </dict>
            <dict>
                <key>id</key>
                <string>5417</string>
                <key>Asset</key>
                <dict>
                    <key>value</key>
                    <string>5397</string>
                </dict>
            </dict>
            <dict>
                <key>id</key>
                <string>5419</string>
                <key>Asset</key>
                <dict>
                    <key>value</key>
                    <string>5397</string>
                </dict>
            </dict>
            <dict>
                <key>id</key>
                <string>6077</string>
                <key>Asset</key>
                <dict>
                    <key>value</key>
                    <string>6069</string>
                </dict>
            </dict>
            <dict>
                <key>id</key>
                <string>6088</string>
                <key>Asset</key>
                <dict>
                    <key>value</key>
                    <string>6080</string>
                </dict>
            </dict>
            <dict>
                <key>id</key>
                <string>6090</string>
                <key>Asset</key>
                <dict>
                    <key>value</key>
                    <string>6080</string>
                </dict>
            </dict>
            <dict>
                <key>id</key>
                <string>6092</string>
                <key>Asset</key>
                <dict>
                    <key>value</key>
                    <string>6080</string>
                </dict>
            </dict>
            <dict>
                <key>id</key>
                <string>6094</string>
                <key>Asset</key>
                <dict>
                    <key>value</key>
                    <string>6080</string>
                </dict>
            </dict>
            <dict>
                <key>id</key>
                <string>6096</string>
                <key>Asset</key>
                <dict>
                    <key>value</key>
                    <string>6080</string>
                </dict>
            </dict>
            <dict>
                <key>id</key>
                <string>6098</string>
                <key>Asset</key>
                <dict>
                    <key>value</key>
                    <string>6080</string>
                </dict>
            </dict>
            <dict>
                <key>id</key>
                <string>6109</string>
                <key>Asset</key>
                <dict>
                    <key>value</key>
                    <string>6080</string>
                </dict>
            </dict>
            <dict>
                <key>id</key>
                <string>6111</string>
                <key>Asset</key>
                <dict>
                    <key>value</key>
                    <string>6080</string>
                </dict>
            </dict>
            <dict>
                <key>id</key>
                <string>6113</string>
                <key>Asset</key>
                <dict>
                    <key>value</key>
                    <string>6080</string>
                </dict>
            </dict>
            <dict>
                <key>id</key>
                <string>6115</string>
                <key>Asset</key>
                <dict>
                    <key>value</key>
                    <string>6080</string>
                </dict>
            </dict>
            <dict>
                <key>id</key>
                <string>6117</string>
                <key>Asset</key>
                <dict>
                    <key>value</key>
                    <string>6080</string>
                </dict>
            </dict>
            <dict>
                <key>id</key>
                <string>6119</string>
                <key>Asset</key>
                <dict>
                    <key>value</key>
                    <string>6080</string>
                </dict>
            </dict>
            <dict>
                <key>id</key>
                <string>6121</string>
                <key>Asset</key>
                <dict>
                    <key>value</key>
                    <string>6080</string>
                </dict>
            </dict>
            <dict>
                <key>id</key>
                <string>6123</string>
                <key>Asset</key>
                <dict>
                    <key>value</key>
                    <string>6080</string>
                </dict>
            </dict>
            <dict>
                <key>id</key>
                <string>6125</string>
                <key>Asset</key>
                <dict>
                    <key>value</key>
                    <string>6080</string>
                </dict>
            </dict>
            <dict>
                <key>id</key>
                <string>6127</string>
                <key>Asset</key>
                <dict>
                    <key>value</key>
                    <string>6080</string>
                </dict>
            </dict>
            <dict>
                <key>id</key>
                <string>6129</string>
                <key>Asset</key>
                <dict>
                    <key>value</key>
                    <string>6080</string>
                </dict>
            </dict>
            <dict>
                <key>id</key>
                <string>6131</string>
                <key>Asset</key>
                <dict>
                    <key>value</key>
                    <string>6080</string>
                </dict>
            </dict>
            <dict>
                <key>id</key>
                <string>6133</string>
                <key>Asset</key>
                <dict>
                    <key>value</key>
                    <string>6080</string>
                </dict>
            </dict>
            <dict>
                <key>id</key>
                <string>6135</string>
                <key>Asset</key>
                <dict>
                    <key>value</key>
                    <string>6080</string>
                </dict>
            </dict>
            <dict>
                <key>id</key>
                <string>6137</string>
                <key>Asset</key>
                <dict>
                    <key>value</key>
                    <string>6080</string>
                </dict>
            </dict>
            <dict>
                <key>id</key>
                <string>6139</string>
                <key>Asset</key>
                <dict>
                    <key>value</key>
                    <string>6080</string>
                </dict>
            </dict>
            <dict>
                <key>id</key>
                <string>6141</string>
                <key>Asset</key>
                <dict>
                    <key>value</key>
                    <string>6080</string>
                </dict>
            </dict>
            <dict>
                <key>id</key>
                <string>6143</string>
                <key>Asset</key>
                <dict>
                    <key>value</key>
                    <string>6080</string>
                </dict>
            </dict>
            <dict>
                <key>id</key>
                <string>6145</string>
                <key>Asset</key>
                <dict>
                    <key>value</key>
                    <string>6080</string>
                </dict>
            </dict>
            <dict>
                <key>id</key>
                <string>6147</string>
                <key>Asset</key>
                <dict>
                    <key>value</key>
                    <string>6080</string>
                </dict>
            </dict>
            <dict>
                <key>id</key>
                <string>6149</string>
                <key>Asset</key>
                <dict>
                    <key>value</key>
                    <string>6080</string>
                </dict>
            </dict>
            <dict>
                <key>id</key>
                <string>6151</string>
                <key>Asset</key>
                <dict>
                    <key>value</key>
                    <string>6080</string>
                </dict>
            </dict>
            <dict>
                <key>id</key>
                <string>6153</string>
                <key>Asset</key>
                <dict>
                    <key>value</key>
                    <string>6080</string>
                </dict>
            </dict>
            <dict>
                <key>id</key>
                <string>6155</string>
                <key>Asset</key>
                <dict>
                    <key>value</key>
                    <string>6080</string>
                </dict>
            </dict>
            <dict>
                <key>id</key>
                <string>6773</string>
                <key>Asset</key>
                <dict>
                    <key>value</key>
                    <string>4537</string>
                </dict>
            </dict>
            <dict>
                <key>id</key>
                <string>7274</string>
                <key>Asset</key>
                <dict>
                    <key>value</key>
                    <string>7266</string>
                </dict>
            </dict>
            <dict>
                <key>id</key>
                <string>7276</string>
                <key>Asset</key>
                <dict>
                    <key>value</key>
                    <string>7266</string>
                </dict>
            </dict>
            <dict>
                <key>id</key>
                <string>7278</string>
                <key>Asset</key>
                <dict>
                    <key>value</key>
                    <string>7266</string>
                </dict>
            </dict>
            <dict>
                <key>id</key>
                <string>7280</string>
                <key>Asset</key>
                <dict>
                    <key>value</key>
                    <string>7266</string>
                </dict>
            </dict>
            <dict>
                <key>id</key>
                <string>7282</string>
                <key>Asset</key>
                <dict>
                    <key>value</key>
                    <string>7266</string>
                </dict>
            </dict>
            <dict>
                <key>id</key>
                <string>7284</string>
                <key>Asset</key>
                <dict>
                    <key>value</key>
                    <string>7266</string>
                </dict>
            </dict>
            <dict>
                <key>id</key>
                <string>7286</string>
                <key>Asset</key>
                <dict>
                    <key>value</key>
                    <string>7266</string>
                </dict>
            </dict>
            <dict>
                <key>id</key>
                <string>7288</string>
                <key>Asset</key>
                <dict>
                    <key>value</key>
                    <string>7266</string>
                </dict>
            </dict>
            <dict>
                <key>id</key>
                <string>7383</string>
                <key>Asset</key>
                <dict>
                    <key>value</key>
                    <string>7375</string>
                </dict>
            </dict>
            <dict>
                <key>id</key>
                <string>7385</string>
                <key>Asset</key>
                <dict>
                    <key>value</key>
                    <string>7375</string>
                </dict>
            </dict>
            <dict>
                <key>id</key>
                <string>7387</string>
                <key>Asset</key>
                <dict>
                    <key>value</key>
                    <string>7375</string>
                </dict>
            </dict>
            <dict>
                <key>id</key>
                <string>7389</string>
                <key>Asset</key>
                <dict>
                    <key>value</key>
                    <string>7375</string>
                </dict>
            </dict>
            <dict>
                <key>id</key>
                <string>7391</string>
                <key>Asset</key>
                <dict>
                    <key>value</key>
                    <string>7375</string>
                </dict>
            </dict>
            <dict>
                <key>id</key>
                <string>7393</string>
                <key>Asset</key>
                <dict>
                    <key>value</key>
                    <string>7375</string>
                </dict>
            </dict>
            <dict>
                <key>id</key>
                <string>7395</string>
                <key>Asset</key>
                <dict>
                    <key>value</key>
                    <string>7375</string>
                </dict>
            </dict>
            <dict>
                <key>id</key>
                <string>7397</string>
                <key>Asset</key>
                <dict>
                    <key>value</key>
                    <string>7375</string>
                </dict>
            </dict>
            <dict>
                <key>id</key>
                <string>7399</string>
                <key>Asset</key>
                <dict>
                    <key>value</key>
                    <string>7375</string>
                </dict>
            </dict>
            <dict>
                <key>id</key>
                <string>7437</string>
                <key>Asset</key>
                <dict>
                    <key>value</key>
                    <string>7429</string>
                </dict>
            </dict>
            <dict>
                <key>id</key>
                <string>7723</string>
                <key>Asset</key>
                <dict>
                    <key>value</key>
                    <string>7715</string>
                </dict>
            </dict>
            <dict>
                <key>id</key>
                <string>7725</string>
                <key>Asset</key>
                <dict>
                    <key>value</key>
                    <string>7715</string>
                </dict>
            </dict>
            <dict>
                <key>id</key>
                <string>7727</string>
                <key>Asset</key>
                <dict>
                    <key>value</key>
                    <string>7715</string>
                </dict>
            </dict>
            <dict>
                <key>id</key>
                <string>7729</string>
                <key>Asset</key>
                <dict>
                    <key>value</key>
                    <string>7715</string>
                </dict>
            </dict>
            <dict>
                <key>id</key>
                <string>7731</string>
                <key>Asset</key>
                <dict>
                    <key>value</key>
                    <string>7715</string>
                </dict>
            </dict>
            <dict>
                <key>id</key>
                <string>7733</string>
                <key>Asset</key>
                <dict>
                    <key>value</key>
                    <string>7715</string>
                </dict>
            </dict>
            <dict>
                <key>id</key>
                <string>7735</string>
                <key>Asset</key>
                <dict>
                    <key>value</key>
                    <string>7715</string>
                </dict>
            </dict>
            <dict>
                <key>id</key>
                <string>7737</string>
                <key>Asset</key>
                <dict>
                    <key>value</key>
                    <string>7715</string>
                </dict>
            </dict>
            <dict>
                <key>id</key>
                <string>7739</string>
                <key>Asset</key>
                <dict>
                    <key>value</key>
                    <string>7715</string>
                </dict>
            </dict>
            <dict>
                <key>id</key>
                <string>7835</string>
                <key>Asset</key>
                <dict>
                    <key>value</key>
                    <string>7827</string>
                </dict>
            </dict>
            <dict>
                <key>id</key>
                <string>7876</string>
                <key>Asset</key>
                <dict>
                    <key>value</key>
                    <string>7868</string>
                </dict>
                <key>components</key>
                <array>
                    <string>7896</string>
                </array>
            </dict>
            <dict>
                <key>id</key>
                <string>8286</string>
                <key>Asset</key>
                <dict>
                    <key>value</key>
                    <string>7429</string>
                </dict>
            </dict>
            <dict>
                <key>id</key>
                <string>8316</string>
                <key>Asset</key>
                <dict>
                    <key>value</key>
                    <string>7827</string>
                </dict>
            </dict>
            <dict>
                <key>id</key>
                <string>8319</string>
                <key>Asset</key>
                <dict>
                    <key>value</key>
                    <string>7715</string>
                </dict>
            </dict>
            <dict>
                <key>id</key>
                <string>8421</string>
                <key>Asset</key>
                <dict>
                    <key>value</key>
                    <string>8413</string>
                </dict>
            </dict>
            <dict>
                <key>id</key>
                <string>8423</string>
                <key>Asset</key>
                <dict>
                    <key>value</key>
                    <string>8413</string>
                </dict>
            </dict>
            <dict>
                <key>id</key>
                <string>8425</string>
                <key>Asset</key>
                <dict>
                    <key>value</key>
                    <string>8413</string>
                </dict>
            </dict>
            <dict>
                <key>id</key>
                <string>8427</string>
                <key>Asset</key>
                <dict>
                    <key>value</key>
                    <string>8413</string>
                </dict>
            </dict>
            <dict>
                <key>id</key>
                <string>8429</string>
                <key>Asset</key>
                <dict>
                    <key>value</key>
                    <string>8413</string>
                </dict>
            </dict>
            <dict>
                <key>id</key>
                <string>8431</string>
                <key>Asset</key>
                <dict>
                    <key>value</key>
                    <string>8413</string>
                </dict>
            </dict>
            <dict>
                <key>id</key>
                <string>8433</string>
                <key>Asset</key>
                <dict>
                    <key>value</key>
                    <string>8413</string>
                </dict>
            </dict>
            <dict>
                <key>id</key>
                <string>8435</string>
                <key>Asset</key>
                <dict>
                    <key>value</key>
                    <string>8413</string>
                </dict>
            </dict>
            <dict>
                <key>id</key>
                <string>8437</string>
                <key>Asset</key>
                <dict>
                    <key>value</key>
                    <string>8413</string>
                </dict>
            </dict>
            <dict>
                <key>id</key>
                <string>9359</string>
                <key>Asset</key>
                <dict>
                    <key>value</key>
                    <string>3276</string>
                </dict>
            </dict>
            <dict>
                <key>id</key>
                <string>9361</string>
                <key>Asset</key>
                <dict>
                    <key>value</key>
                    <string>3276</string>
                </dict>
            </dict>
            <dict>
                <key>id</key>
                <string>9363</string>
                <key>Asset</key>
                <dict>
                    <key>value</key>
                    <string>3276</string>
                </dict>
            </dict>
            <dict>
                <key>id</key>
                <string>9365</string>
                <key>Asset</key>
                <dict>
                    <key>value</key>
                    <string>3276</string>
                </dict>
            </dict>
            <dict>
                <key>id</key>
                <string>9367</string>
                <key>Asset</key>
                <dict>
                    <key>value</key>
                    <string>3276</string>
                </dict>
            </dict>
            <dict>
                <key>id</key>
                <string>9369</string>
                <key>Asset</key>
                <dict>
                    <key>value</key>
                    <string>3276</string>
                </dict>
            </dict>
            <dict>
                <key>id</key>
                <string>9371</string>
                <key>Asset</key>
                <dict>
                    <key>value</key>
                    <string>3276</string>
                </dict>
            </dict>
            <dict>
                <key>id</key>
                <string>9373</string>
                <key>Asset</key>
                <dict>
                    <key>value</key>
                    <string>3276</string>
                </dict>
            </dict>
            <dict>
                <key>id</key>
                <string>9375</string>
                <key>Asset</key>
                <dict>
                    <key>value</key>
                    <string>3276</string>
                </dict>
            </dict>
            <dict>
                <key>id</key>
                <string>9378</string>
                <key>Asset</key>
                <dict>
                    <key>value</key>
                    <string>7429</string>
                </dict>
            </dict>
            <dict>
                <key>id</key>
                <string>9382</string>
                <key>Asset</key>
                <dict>
                    <key>value</key>
                    <string>7429</string>
                </dict>
            </dict>
            <dict>
                <key>id</key>
                <string>9386</string>
                <key>Asset</key>
                <dict>
                    <key>value</key>
                    <string>7429</string>
                </dict>
            </dict>
            <dict>
                <key>id</key>
                <string>9390</string>
                <key>Asset</key>
                <dict>
                    <key>value</key>
                    <string>7429</string>
                </dict>
            </dict>
            <dict>
                <key>id</key>
                <string>9394</string>
                <key>Asset</key>
                <dict>
                    <key>value</key>
                    <string>7429</string>
                </dict>
            </dict>
            <dict>
                <key>id</key>
                <string>9402</string>
                <key>Asset</key>
                <dict>
                    <key>value</key>
                    <string>7429</string>
                </dict>
            </dict>
            <dict>
                <key>id</key>
                <string>11250</string>
                <key>Asset</key>
                <dict>
                    <key>value</key>
                    <string>3276</string>
                </dict>
            </dict>
            <dict>
                <key>id</key>
                <string>11252</string>
                <key>Asset</key>
                <dict>
                    <key>value</key>
                    <string>3276</string>
                </dict>
            </dict>
            <dict>
                <key>id</key>
                <string>11254</string>
                <key>Asset</key>
                <dict>
                    <key>value</key>
                    <string>3276</string>
                </dict>
            </dict>
            <dict>
                <key>id</key>
                <string>11256</string>
                <key>Asset</key>
                <dict>
                    <key>value</key>
                    <string>3276</string>
                </dict>
            </dict>
            <dict>
                <key>id</key>
                <string>11258</string>
                <key>Asset</key>
                <dict>
                    <key>value</key>
                    <string>3276</string>
                </dict>
            </dict>
            <dict>
                <key>id</key>
                <string>11260</string>
                <key>Asset</key>
                <dict>
                    <key>value</key>
                    <string>3276</string>
                </dict>
            </dict>
            <dict>
                <key>id</key>
                <string>11262</string>
                <key>Asset</key>
                <dict>
                    <key>value</key>
                    <string>3276</string>
                </dict>
            </dict>
            <dict>
                <key>id</key>
                <string>11264</string>
                <key>Asset</key>
                <dict>
                    <key>value</key>
                    <string>3276</string>
                </dict>
            </dict>
            <dict>
                <key>id</key>
                <string>11356</string>
                <key>Asset</key>
                <dict>
                    <key>value</key>
                    <string>3276</string>
                </dict>
            </dict>
            <dict>
                <key>id</key>
                <string>11358</string>
                <key>Asset</key>
                <dict>
                    <key>value</key>
                    <string>3276</string>
                </dict>
            </dict>
            <dict>
                <key>id</key>
                <string>11360</string>
                <key>Asset</key>
                <dict>
                    <key>value</key>
                    <string>3276</string>
                </dict>
            </dict>
            <dict>
                <key>id</key>
                <string>11362</string>
                <key>Asset</key>
                <dict>
                    <key>value</key>
                    <string>3276</string>
                </dict>
            </dict>
            <dict>
                <key>id</key>
                <string>11364</string>
                <key>Asset</key>
                <dict>
                    <key>value</key>
                    <string>3276</string>
                </dict>
            </dict>
            <dict>
                <key>id</key>
                <string>11366</string>
                <key>Asset</key>
                <dict>
                    <key>value</key>
                    <string>3276</string>
                </dict>
            </dict>
            <dict>
                <key>id</key>
                <string>11368</string>
                <key>Asset</key>
                <dict>
                    <key>value</key>
                    <string>3276</string>
                </dict>
            </dict>
            <dict>
                <key>id</key>
                <string>11370</string>
                <key>Asset</key>
                <dict>
                    <key>value</key>
                    <string>3276</string>
                </dict>
            </dict>
            <dict>
                <key>id</key>
                <string>12867</string>
                <key>Asset</key>
                <dict>
                    <key>value</key>
                    <string>2863</string>
                </dict>
            </dict>
            <dict>
                <key>id</key>
                <string>12877</string>
                <key>Asset</key>
                <dict>
                    <key>value</key>
                    <string>2863</string>
                </dict>
            </dict>
        </array>
    </dict>
</plist>
