<?xml version="1.0" encoding="UTF-8"?>
<!DOCTYPE plist PUBLIC "-//Apple//DTD PLIST 1.0//EN" "http://www.apple.com/DTDs/PropertyList-1.0.dtd"/>

<plist version="1.0">
    <dict>
        <key>ROOT</key>
        <array>
            <dict>
                <key>id</key>
                <string>1388</string>
                <key>Image</key>
                <dict>
                    <key>value</key>
                    <string>13165</string>
                </dict>
            </dict>
            <dict>
                <key>id</key>
                <string>1390</string>
                <key>Image</key>
                <dict>
                    <key>value</key>
                    <string>13159</string>
                </dict>
            </dict>
            <dict>
                <key>id</key>
                <string>1392</string>
                <key>Image</key>
                <dict>
                    <key>value</key>
                    <string>13147</string>
                </dict>
            </dict>
            <dict>
                <key>id</key>
                <string>8514</string>
                <key>Image</key>
                <dict>
                    <key>value</key>
                    <string>1501</string>
                </dict>
            </dict>
            <dict>
                <key>id</key>
                <string>8516</string>
                <key>Image</key>
                <dict>
                    <key>value</key>
                    <string>13153</string>
                </dict>
            </dict>
        </array>
    </dict>
</plist>
