<?xml version="1.0" encoding="UTF-8"?>
<!DOCTYPE plist PUBLIC "-//Apple//DTD PLIST 1.0//EN" "http://www.apple.com/DTDs/PropertyList-1.0.dtd"/>

<plist version="1.0">
    <dict>
        <key>ROOT</key>
        <array>
            <dict>
                <key>id</key>
                <string>7829</string>
                <key>children</key>
                <array>
                    <string>7830</string>
                </array>
            </dict>
            <dict>
                <key>id</key>
                <string>7851</string>
                <key>children</key>
                <array>
                    <string>7852</string>
                </array>
            </dict>
            <dict>
                <key>id</key>
                <string>7860</string>
                <key>children</key>
                <array>
                    <string>7861</string>
                </array>
            </dict>
            <dict>
                <key>id</key>
                <string>7870</string>
                <key>children</key>
                <array>
                    <string>7871</string>
                </array>
            </dict>
            <dict>
                <key>id</key>
                <string>7881</string>
                <key>children</key>
                <array>
                    <string>7882</string>
                </array>
            </dict>
            <dict>
                <key>id</key>
                <string>7890</string>
                <key>children</key>
                <array>
                    <string>7891</string>
                </array>
            </dict>
            <dict>
                <key>id</key>
                <string>7900</string>
                <key>children</key>
                <array>
                    <string>7901</string>
                </array>
            </dict>
            <dict>
                <key>id</key>
                <string>7909</string>
                <key>children</key>
                <array>
                    <string>7910</string>
                </array>
            </dict>
            <dict>
                <key>id</key>
                <string>7971</string>
                <key>children</key>
                <array>
                    <string>7972</string>
                </array>
            </dict>
            <dict>
                <key>id</key>
                <string>7980</string>
                <key>children</key>
                <array>
                    <string>7981</string>
                </array>
            </dict>
            <dict>
                <key>id</key>
                <string>7989</string>
                <key>children</key>
                <array>
                    <string>7990</string>
                </array>
            </dict>
            <dict>
                <key>id</key>
                <string>7998</string>
                <key>children</key>
                <array>
                    <string>7999</string>
                </array>
            </dict>
            <dict>
                <key>id</key>
                <string>8007</string>
                <key>children</key>
                <array>
                    <string>8008</string>
                </array>
            </dict>
            <dict>
                <key>id</key>
                <string>8016</string>
                <key>children</key>
                <array>
                    <string>8017</string>
                </array>
            </dict>
            <dict>
                <key>id</key>
                <string>8025</string>
                <key>children</key>
                <array>
                    <string>8026</string>
                </array>
            </dict>
            <dict>
                <key>id</key>
                <string>8034</string>
                <key>children</key>
                <array>
                    <string>8035</string>
                </array>
            </dict>
            <dict>
                <key>id</key>
                <string>8043</string>
                <key>children</key>
                <array>
                    <string>8044</string>
                </array>
            </dict>
            <dict>
                <key>id</key>
                <string>8052</string>
                <key>children</key>
                <array>
                    <string>8053</string>
                </array>
            </dict>
            <dict>
                <key>id</key>
                <string>8061</string>
                <key>children</key>
                <array>
                    <string>8062</string>
                </array>
            </dict>
            <dict>
                <key>id</key>
                <string>8070</string>
                <key>children</key>
                <array>
                    <string>8071</string>
                </array>
            </dict>
            <dict>
                <key>id</key>
                <string>8079</string>
                <key>children</key>
                <array>
                    <string>8080</string>
                </array>
            </dict>
            <dict>
                <key>id</key>
                <string>8088</string>
                <key>children</key>
                <array>
                    <string>8089</string>
                </array>
            </dict>
            <dict>
                <key>id</key>
                <string>8097</string>
                <key>children</key>
                <array>
                    <string>8098</string>
                </array>
            </dict>
            <dict>
                <key>id</key>
                <string>8106</string>
                <key>children</key>
                <array>
                    <string>8107</string>
                </array>
            </dict>
            <dict>
                <key>id</key>
                <string>8115</string>
                <key>children</key>
                <array>
                    <string>8116</string>
                </array>
            </dict>
            <dict>
                <key>id</key>
                <string>8124</string>
                <key>children</key>
                <array>
                    <string>8125</string>
                </array>
            </dict>
            <dict>
                <key>id</key>
                <string>8133</string>
                <key>children</key>
                <array>
                    <string>8134</string>
                </array>
            </dict>
            <dict>
                <key>id</key>
                <string>8142</string>
                <key>children</key>
                <array>
                    <string>8143</string>
                </array>
            </dict>
            <dict>
                <key>id</key>
                <string>8151</string>
                <key>children</key>
                <array>
                    <string>8152</string>
                </array>
            </dict>
            <dict>
                <key>id</key>
                <string>8160</string>
                <key>children</key>
                <array>
                    <string>8161</string>
                </array>
            </dict>
            <dict>
                <key>id</key>
                <string>8169</string>
                <key>children</key>
                <array>
                    <string>8170</string>
                </array>
            </dict>
            <dict>
                <key>id</key>
                <string>8178</string>
                <key>children</key>
                <array>
                    <string>8179</string>
                </array>
            </dict>
            <dict>
                <key>id</key>
                <string>8187</string>
                <key>children</key>
                <array>
                    <string>8188</string>
                </array>
            </dict>
            <dict>
                <key>id</key>
                <string>8196</string>
                <key>children</key>
                <array>
                    <string>8197</string>
                </array>
            </dict>
            <dict>
                <key>id</key>
                <string>8205</string>
                <key>children</key>
                <array>
                    <string>8206</string>
                </array>
            </dict>
            <dict>
                <key>id</key>
                <string>8214</string>
                <key>children</key>
                <array>
                    <string>8215</string>
                </array>
            </dict>
            <dict>
                <key>id</key>
                <string>8223</string>
                <key>children</key>
                <array>
                    <string>8224</string>
                </array>
            </dict>
            <dict>
                <key>id</key>
                <string>8232</string>
                <key>children</key>
                <array>
                    <string>8233</string>
                </array>
            </dict>
            <dict>
                <key>id</key>
                <string>8241</string>
                <key>children</key>
                <array>
                    <string>8242</string>
                </array>
            </dict>
            <dict>
                <key>id</key>
                <string>8250</string>
                <key>children</key>
                <array>
                    <string>8251</string>
                </array>
            </dict>
            <dict>
                <key>id</key>
                <string>8259</string>
                <key>children</key>
                <array>
                    <string>8260</string>
                </array>
            </dict>
            <dict>
                <key>id</key>
                <string>8268</string>
                <key>children</key>
                <array>
                    <string>8269</string>
                </array>
            </dict>
            <dict>
                <key>id</key>
                <string>8290</string>
                <key>children</key>
                <array>
                    <string>8291</string>
                </array>
            </dict>
            <dict>
                <key>id</key>
                <string>8299</string>
                <key>children</key>
                <array>
                    <string>8300</string>
                </array>
            </dict>
            <dict>
                <key>id</key>
                <string>8308</string>
                <key>children</key>
                <array>
                    <string>8309</string>
                </array>
            </dict>
            <dict>
                <key>id</key>
                <string>8323</string>
                <key>children</key>
                <array>
                    <string>8324</string>
                </array>
            </dict>
            <dict>
                <key>id</key>
                <string>8332</string>
                <key>children</key>
                <array>
                    <string>8333</string>
                </array>
            </dict>
            <dict>
                <key>id</key>
                <string>8341</string>
                <key>children</key>
                <array>
                    <string>8342</string>
                </array>
            </dict>
            <dict>
                <key>id</key>
                <string>8350</string>
                <key>children</key>
                <array>
                    <string>8351</string>
                </array>
            </dict>
            <dict>
                <key>id</key>
                <string>8359</string>
                <key>children</key>
                <array>
                    <string>8360</string>
                </array>
            </dict>
            <dict>
                <key>id</key>
                <string>8368</string>
                <key>children</key>
                <array>
                    <string>8369</string>
                </array>
            </dict>
            <dict>
                <key>id</key>
                <string>8377</string>
                <key>children</key>
                <array>
                    <string>8378</string>
                </array>
            </dict>
            <dict>
                <key>id</key>
                <string>8386</string>
                <key>children</key>
                <array>
                    <string>8387</string>
                </array>
            </dict>
            <dict>
                <key>id</key>
                <string>8395</string>
                <key>children</key>
                <array>
                    <string>8396</string>
                </array>
            </dict>
            <dict>
                <key>id</key>
                <string>8404</string>
                <key>children</key>
                <array>
                    <string>8405</string>
                </array>
            </dict>
            <dict>
                <key>id</key>
                <string>8415</string>
                <key>children</key>
                <array>
                    <string>8416</string>
                </array>
            </dict>
            <dict>
                <key>id</key>
                <string>8452</string>
                <key>children</key>
                <array>
                    <string>8453</string>
                </array>
            </dict>
            <dict>
                <key>id</key>
                <string>8463</string>
                <key>children</key>
                <array>
                    <string>8464</string>
                </array>
            </dict>
            <dict>
                <key>id</key>
                <string>8472</string>
                <key>children</key>
                <array>
                    <string>8473</string>
                </array>
            </dict>
            <dict>
                <key>id</key>
                <string>8481</string>
                <key>children</key>
                <array>
                    <string>8482</string>
                </array>
            </dict>
            <dict>
                <key>id</key>
                <string>8490</string>
                <key>children</key>
                <array>
                    <string>8491</string>
                </array>
            </dict>
            <dict>
                <key>id</key>
                <string>8499</string>
                <key>children</key>
                <array>
                    <string>8500</string>
                </array>
            </dict>
            <dict>
                <key>id</key>
                <string>8508</string>
                <key>children</key>
                <array>
                    <string>8509</string>
                </array>
            </dict>
            <dict>
                <key>id</key>
                <string>8520</string>
                <key>children</key>
                <array>
                    <string>8521</string>
                </array>
            </dict>
            <dict>
                <key>id</key>
                <string>8529</string>
                <key>children</key>
                <array>
                    <string>8530</string>
                </array>
            </dict>
            <dict>
                <key>id</key>
                <string>8539</string>
                <key>children</key>
                <array>
                    <string>8540</string>
                </array>
            </dict>
            <dict>
                <key>id</key>
                <string>8557</string>
                <key>children</key>
                <array>
                    <string>8558</string>
                </array>
            </dict>
            <dict>
                <key>id</key>
                <string>8566</string>
                <key>children</key>
                <array>
                    <string>8567</string>
                </array>
            </dict>
            <dict>
                <key>id</key>
                <string>8586</string>
                <key>children</key>
                <array>
                    <string>8587</string>
                </array>
            </dict>
            <dict>
                <key>id</key>
                <string>8596</string>
                <key>children</key>
                <array>
                    <string>8597</string>
                </array>
            </dict>
            <dict>
                <key>id</key>
                <string>8642</string>
                <key>children</key>
                <array>
                    <string>8643</string>
                </array>
            </dict>
            <dict>
                <key>id</key>
                <string>8651</string>
                <key>children</key>
                <array>
                    <string>8652</string>
                </array>
            </dict>
            <dict>
                <key>id</key>
                <string>8660</string>
                <key>children</key>
                <array>
                    <string>8661</string>
                </array>
            </dict>
            <dict>
                <key>id</key>
                <string>8669</string>
                <key>children</key>
                <array>
                    <string>8670</string>
                </array>
            </dict>
            <dict>
                <key>id</key>
                <string>8678</string>
                <key>children</key>
                <array>
                    <string>8679</string>
                </array>
            </dict>
            <dict>
                <key>id</key>
                <string>8687</string>
                <key>children</key>
                <array>
                    <string>8688</string>
                </array>
            </dict>
            <dict>
                <key>id</key>
                <string>8696</string>
                <key>children</key>
                <array>
                    <string>8697</string>
                </array>
            </dict>
            <dict>
                <key>id</key>
                <string>8705</string>
                <key>children</key>
                <array>
                    <string>8706</string>
                </array>
            </dict>
            <dict>
                <key>id</key>
                <string>8714</string>
                <key>children</key>
                <array>
                    <string>8715</string>
                </array>
            </dict>
            <dict>
                <key>id</key>
                <string>8723</string>
                <key>children</key>
                <array>
                    <string>8724</string>
                </array>
            </dict>
            <dict>
                <key>id</key>
                <string>8732</string>
                <key>children</key>
                <array>
                    <string>8733</string>
                </array>
            </dict>
            <dict>
                <key>id</key>
                <string>8741</string>
                <key>children</key>
                <array>
                    <string>8742</string>
                </array>
            </dict>
            <dict>
                <key>id</key>
                <string>8750</string>
                <key>children</key>
                <array>
                    <string>8751</string>
                </array>
            </dict>
            <dict>
                <key>id</key>
                <string>8759</string>
                <key>children</key>
                <array>
                    <string>8760</string>
                </array>
            </dict>
            <dict>
                <key>id</key>
                <string>8768</string>
                <key>children</key>
                <array>
                    <string>8769</string>
                </array>
            </dict>
            <dict>
                <key>id</key>
                <string>8777</string>
                <key>children</key>
                <array>
                    <string>8778</string>
                </array>
            </dict>
            <dict>
                <key>id</key>
                <string>8786</string>
                <key>children</key>
                <array>
                    <string>8787</string>
                </array>
            </dict>
            <dict>
                <key>id</key>
                <string>8800</string>
                <key>children</key>
                <array>
                    <string>8801</string>
                </array>
            </dict>
            <dict>
                <key>id</key>
                <string>8810</string>
                <key>children</key>
                <array>
                    <string>8811</string>
                </array>
            </dict>
            <dict>
                <key>id</key>
                <string>8819</string>
                <key>children</key>
                <array>
                    <string>8820</string>
                </array>
            </dict>
            <dict>
                <key>id</key>
                <string>8828</string>
                <key>children</key>
                <array>
                    <string>8829</string>
                </array>
            </dict>
            <dict>
                <key>id</key>
                <string>8837</string>
                <key>children</key>
                <array>
                    <string>8838</string>
                </array>
            </dict>
            <dict>
                <key>id</key>
                <string>8846</string>
                <key>children</key>
                <array>
                    <string>8847</string>
                </array>
            </dict>
            <dict>
                <key>id</key>
                <string>8855</string>
                <key>children</key>
                <array>
                    <string>8856</string>
                </array>
            </dict>
            <dict>
                <key>id</key>
                <string>8864</string>
                <key>children</key>
                <array>
                    <string>8865</string>
                </array>
            </dict>
            <dict>
                <key>id</key>
                <string>8874</string>
                <key>children</key>
                <array>
                    <string>8875</string>
                </array>
            </dict>
            <dict>
                <key>id</key>
                <string>8883</string>
                <key>children</key>
                <array>
                    <string>8884</string>
                </array>
            </dict>
            <dict>
                <key>id</key>
                <string>8892</string>
                <key>children</key>
                <array>
                    <string>8893</string>
                </array>
            </dict>
            <dict>
                <key>id</key>
                <string>8901</string>
                <key>children</key>
                <array>
                    <string>8902</string>
                </array>
            </dict>
            <dict>
                <key>id</key>
                <string>8910</string>
                <key>children</key>
                <array>
                    <string>8911</string>
                </array>
            </dict>
            <dict>
                <key>id</key>
                <string>8919</string>
                <key>children</key>
                <array>
                    <string>8920</string>
                </array>
            </dict>
            <dict>
                <key>id</key>
                <string>8928</string>
                <key>children</key>
                <array>
                    <string>8929</string>
                </array>
            </dict>
            <dict>
                <key>id</key>
                <string>9055</string>
                <key>children</key>
                <array>
                    <string>9056</string>
                </array>
            </dict>
            <dict>
                <key>id</key>
                <string>9123</string>
                <key>children</key>
                <array>
                    <string>9124</string>
                </array>
            </dict>
            <dict>
                <key>id</key>
                <string>9132</string>
                <key>children</key>
                <array>
                    <string>9133</string>
                </array>
            </dict>
            <dict>
                <key>id</key>
                <string>9141</string>
                <key>children</key>
                <array>
                    <string>9142</string>
                </array>
            </dict>
            <dict>
                <key>id</key>
                <string>9150</string>
                <key>children</key>
                <array>
                    <string>9151</string>
                </array>
            </dict>
            <dict>
                <key>id</key>
                <string>9159</string>
                <key>children</key>
                <array>
                    <string>9160</string>
                </array>
            </dict>
            <dict>
                <key>id</key>
                <string>9168</string>
                <key>children</key>
                <array>
                    <string>9169</string>
                </array>
            </dict>
            <dict>
                <key>id</key>
                <string>9177</string>
                <key>children</key>
                <array>
                    <string>9178</string>
                </array>
            </dict>
            <dict>
                <key>id</key>
                <string>9186</string>
                <key>children</key>
                <array>
                    <string>9187</string>
                </array>
            </dict>
            <dict>
                <key>id</key>
                <string>9195</string>
                <key>children</key>
                <array>
                    <string>9196</string>
                </array>
            </dict>
            <dict>
                <key>id</key>
                <string>9204</string>
                <key>children</key>
                <array>
                    <string>9205</string>
                </array>
            </dict>
            <dict>
                <key>id</key>
                <string>9213</string>
                <key>children</key>
                <array>
                    <string>9214</string>
                </array>
            </dict>
            <dict>
                <key>id</key>
                <string>9222</string>
                <key>children</key>
                <array>
                    <string>9223</string>
                </array>
            </dict>
            <dict>
                <key>id</key>
                <string>9231</string>
                <key>children</key>
                <array>
                    <string>9232</string>
                </array>
            </dict>
            <dict>
                <key>id</key>
                <string>9240</string>
                <key>children</key>
                <array>
                    <string>9241</string>
                </array>
            </dict>
            <dict>
                <key>id</key>
                <string>9249</string>
                <key>children</key>
                <array>
                    <string>9250</string>
                </array>
            </dict>
            <dict>
                <key>id</key>
                <string>9258</string>
                <key>children</key>
                <array>
                    <string>9259</string>
                </array>
            </dict>
            <dict>
                <key>id</key>
                <string>9267</string>
                <key>children</key>
                <array>
                    <string>9268</string>
                </array>
            </dict>
            <dict>
                <key>id</key>
                <string>9276</string>
                <key>children</key>
                <array>
                    <string>9277</string>
                </array>
            </dict>
            <dict>
                <key>id</key>
                <string>9350</string>
                <key>children</key>
                <array>
                    <string>9351</string>
                </array>
            </dict>
            <dict>
                <key>id</key>
                <string>9452</string>
                <key>children</key>
                <array>
                    <string>9453</string>
                </array>
            </dict>
            <dict>
                <key>id</key>
                <string>9461</string>
                <key>children</key>
                <array>
                    <string>9462</string>
                </array>
            </dict>
            <dict>
                <key>id</key>
                <string>9470</string>
                <key>children</key>
                <array>
                    <string>9471</string>
                </array>
            </dict>
            <dict>
                <key>id</key>
                <string>9479</string>
                <key>children</key>
                <array>
                    <string>9480</string>
                </array>
            </dict>
            <dict>
                <key>id</key>
                <string>9488</string>
                <key>children</key>
                <array>
                    <string>9489</string>
                </array>
            </dict>
            <dict>
                <key>id</key>
                <string>9497</string>
                <key>children</key>
                <array>
                    <string>9498</string>
                </array>
            </dict>
            <dict>
                <key>id</key>
                <string>9506</string>
                <key>children</key>
                <array>
                    <string>9507</string>
                </array>
            </dict>
            <dict>
                <key>id</key>
                <string>9515</string>
                <key>children</key>
                <array>
                    <string>9516</string>
                </array>
            </dict>
            <dict>
                <key>id</key>
                <string>9524</string>
                <key>children</key>
                <array>
                    <string>9525</string>
                </array>
            </dict>
            <dict>
                <key>id</key>
                <string>9533</string>
                <key>children</key>
                <array>
                    <string>9534</string>
                </array>
            </dict>
            <dict>
                <key>id</key>
                <string>9542</string>
                <key>children</key>
                <array>
                    <string>9543</string>
                </array>
            </dict>
            <dict>
                <key>id</key>
                <string>9551</string>
                <key>children</key>
                <array>
                    <string>9552</string>
                </array>
            </dict>
            <dict>
                <key>id</key>
                <string>9560</string>
                <key>children</key>
                <array>
                    <string>9561</string>
                </array>
            </dict>
            <dict>
                <key>id</key>
                <string>9569</string>
                <key>children</key>
                <array>
                    <string>9570</string>
                </array>
            </dict>
            <dict>
                <key>id</key>
                <string>9578</string>
                <key>children</key>
                <array>
                    <string>9579</string>
                </array>
            </dict>
            <dict>
                <key>id</key>
                <string>9587</string>
                <key>children</key>
                <array>
                    <string>9588</string>
                </array>
            </dict>
            <dict>
                <key>id</key>
                <string>9596</string>
                <key>children</key>
                <array>
                    <string>9597</string>
                </array>
            </dict>
            <dict>
                <key>id</key>
                <string>9605</string>
                <key>children</key>
                <array>
                    <string>9606</string>
                </array>
            </dict>
            <dict>
                <key>id</key>
                <string>9614</string>
                <key>children</key>
                <array>
                    <string>9615</string>
                </array>
            </dict>
            <dict>
                <key>id</key>
                <string>9623</string>
                <key>children</key>
                <array>
                    <string>9624</string>
                </array>
            </dict>
            <dict>
                <key>id</key>
                <string>9640</string>
                <key>children</key>
                <array>
                    <string>9641</string>
                </array>
            </dict>
            <dict>
                <key>id</key>
                <string>9649</string>
                <key>children</key>
                <array>
                    <string>9650</string>
                </array>
            </dict>
            <dict>
                <key>id</key>
                <string>9658</string>
                <key>children</key>
                <array>
                    <string>9659</string>
                </array>
            </dict>
            <dict>
                <key>id</key>
                <string>9726</string>
                <key>children</key>
                <array>
                    <string>9727</string>
                </array>
            </dict>
            <dict>
                <key>id</key>
                <string>9794</string>
                <key>children</key>
                <array>
                    <string>9795</string>
                </array>
            </dict>
            <dict>
                <key>id</key>
                <string>9809</string>
                <key>children</key>
                <array>
                    <string>9810</string>
                </array>
            </dict>
            <dict>
                <key>id</key>
                <string>9818</string>
                <key>children</key>
                <array>
                    <string>9819</string>
                </array>
            </dict>
            <dict>
                <key>id</key>
                <string>9827</string>
                <key>children</key>
                <array>
                    <string>9828</string>
                </array>
            </dict>
            <dict>
                <key>id</key>
                <string>9838</string>
                <key>children</key>
                <array>
                    <string>9839</string>
                </array>
            </dict>
            <dict>
                <key>id</key>
                <string>9847</string>
                <key>children</key>
                <array>
                    <string>9848</string>
                </array>
            </dict>
            <dict>
                <key>id</key>
                <string>9856</string>
                <key>children</key>
                <array>
                    <string>9857</string>
                </array>
            </dict>
            <dict>
                <key>id</key>
                <string>9877</string>
                <key>children</key>
                <array>
                    <string>9878</string>
                </array>
            </dict>
            <dict>
                <key>id</key>
                <string>9886</string>
                <key>children</key>
                <array>
                    <string>9887</string>
                </array>
            </dict>
            <dict>
                <key>id</key>
                <string>9895</string>
                <key>children</key>
                <array>
                    <string>9896</string>
                </array>
            </dict>
            <dict>
                <key>id</key>
                <string>9904</string>
                <key>children</key>
                <array>
                    <string>9905</string>
                </array>
            </dict>
            <dict>
                <key>id</key>
                <string>9913</string>
                <key>children</key>
                <array>
                    <string>9914</string>
                </array>
            </dict>
            <dict>
                <key>id</key>
                <string>9922</string>
                <key>children</key>
                <array>
                    <string>9923</string>
                </array>
            </dict>
            <dict>
                <key>id</key>
                <string>9931</string>
                <key>children</key>
                <array>
                    <string>9932</string>
                </array>
            </dict>
            <dict>
                <key>id</key>
                <string>9940</string>
                <key>children</key>
                <array>
                    <string>9941</string>
                </array>
            </dict>
            <dict>
                <key>id</key>
                <string>9949</string>
                <key>children</key>
                <array>
                    <string>9950</string>
                </array>
            </dict>
            <dict>
                <key>id</key>
                <string>9958</string>
                <key>children</key>
                <array>
                    <string>9959</string>
                </array>
            </dict>
            <dict>
                <key>id</key>
                <string>9967</string>
                <key>children</key>
                <array>
                    <string>9968</string>
                </array>
            </dict>
            <dict>
                <key>id</key>
                <string>9976</string>
                <key>children</key>
                <array>
                    <string>9977</string>
                </array>
            </dict>
            <dict>
                <key>id</key>
                <string>9985</string>
                <key>children</key>
                <array>
                    <string>9986</string>
                </array>
            </dict>
            <dict>
                <key>id</key>
                <string>9994</string>
                <key>children</key>
                <array>
                    <string>9995</string>
                </array>
            </dict>
            <dict>
                <key>id</key>
                <string>10003</string>
                <key>children</key>
                <array>
                    <string>10004</string>
                </array>
            </dict>
            <dict>
                <key>id</key>
                <string>10012</string>
                <key>children</key>
                <array>
                    <string>10013</string>
                </array>
            </dict>
            <dict>
                <key>id</key>
                <string>10021</string>
                <key>children</key>
                <array>
                    <string>10022</string>
                </array>
            </dict>
            <dict>
                <key>id</key>
                <string>10042</string>
                <key>children</key>
                <array>
                    <string>10043</string>
                </array>
            </dict>
            <dict>
                <key>id</key>
                <string>10051</string>
                <key>children</key>
                <array>
                    <string>10052</string>
                </array>
            </dict>
            <dict>
                <key>id</key>
                <string>10060</string>
                <key>children</key>
                <array>
                    <string>10061</string>
                </array>
            </dict>
            <dict>
                <key>id</key>
                <string>10093</string>
                <key>children</key>
                <array>
                    <string>10094</string>
                </array>
            </dict>
            <dict>
                <key>id</key>
                <string>10102</string>
                <key>children</key>
                <array>
                    <string>10103</string>
                </array>
            </dict>
            <dict>
                <key>id</key>
                <string>10175</string>
                <key>children</key>
                <array>
                    <string>10176</string>
                </array>
            </dict>
            <dict>
                <key>id</key>
                <string>10184</string>
                <key>children</key>
                <array>
                    <string>10185</string>
                </array>
            </dict>
            <dict>
                <key>id</key>
                <string>10193</string>
                <key>children</key>
                <array>
                    <string>10194</string>
                </array>
            </dict>
            <dict>
                <key>id</key>
                <string>10202</string>
                <key>children</key>
                <array>
                    <string>10203</string>
                </array>
            </dict>
            <dict>
                <key>id</key>
                <string>10211</string>
                <key>children</key>
                <array>
                    <string>10212</string>
                </array>
            </dict>
            <dict>
                <key>id</key>
                <string>10220</string>
                <key>children</key>
                <array>
                    <string>10221</string>
                </array>
            </dict>
            <dict>
                <key>id</key>
                <string>10229</string>
                <key>children</key>
                <array>
                    <string>10230</string>
                </array>
            </dict>
            <dict>
                <key>id</key>
                <string>10238</string>
                <key>children</key>
                <array>
                    <string>10239</string>
                </array>
            </dict>
            <dict>
                <key>id</key>
                <string>10247</string>
                <key>children</key>
                <array>
                    <string>10248</string>
                </array>
            </dict>
            <dict>
                <key>id</key>
                <string>10256</string>
                <key>children</key>
                <array>
                    <string>10257</string>
                </array>
            </dict>
            <dict>
                <key>id</key>
                <string>10265</string>
                <key>children</key>
                <array>
                    <string>10266</string>
                </array>
            </dict>
            <dict>
                <key>id</key>
                <string>10274</string>
                <key>children</key>
                <array>
                    <string>10275</string>
                </array>
            </dict>
            <dict>
                <key>id</key>
                <string>10283</string>
                <key>children</key>
                <array>
                    <string>10284</string>
                </array>
            </dict>
            <dict>
                <key>id</key>
                <string>10292</string>
                <key>children</key>
                <array>
                    <string>10293</string>
                </array>
            </dict>
            <dict>
                <key>id</key>
                <string>10301</string>
                <key>children</key>
                <array>
                    <string>10302</string>
                </array>
            </dict>
            <dict>
                <key>id</key>
                <string>10310</string>
                <key>children</key>
                <array>
                    <string>10311</string>
                </array>
            </dict>
            <dict>
                <key>id</key>
                <string>10319</string>
                <key>children</key>
                <array>
                    <string>10320</string>
                </array>
            </dict>
            <dict>
                <key>id</key>
                <string>10328</string>
                <key>children</key>
                <array>
                    <string>10329</string>
                </array>
            </dict>
            <dict>
                <key>id</key>
                <string>10337</string>
                <key>children</key>
                <array>
                    <string>10338</string>
                </array>
            </dict>
            <dict>
                <key>id</key>
                <string>10346</string>
                <key>children</key>
                <array>
                    <string>10347</string>
                </array>
            </dict>
            <dict>
                <key>id</key>
                <string>10355</string>
                <key>children</key>
                <array>
                    <string>10356</string>
                </array>
            </dict>
            <dict>
                <key>id</key>
                <string>10364</string>
                <key>children</key>
                <array>
                    <string>10365</string>
                </array>
            </dict>
            <dict>
                <key>id</key>
                <string>10373</string>
                <key>children</key>
                <array>
                    <string>10374</string>
                </array>
            </dict>
            <dict>
                <key>id</key>
                <string>10382</string>
                <key>children</key>
                <array>
                    <string>10383</string>
                </array>
            </dict>
            <dict>
                <key>id</key>
                <string>10450</string>
                <key>children</key>
                <array>
                    <string>10451</string>
                </array>
            </dict>
            <dict>
                <key>id</key>
                <string>10459</string>
                <key>children</key>
                <array>
                    <string>10460</string>
                </array>
            </dict>
            <dict>
                <key>id</key>
                <string>10468</string>
                <key>children</key>
                <array>
                    <string>10469</string>
                </array>
            </dict>
            <dict>
                <key>id</key>
                <string>10477</string>
                <key>children</key>
                <array>
                    <string>10478</string>
                </array>
            </dict>
            <dict>
                <key>id</key>
                <string>10486</string>
                <key>children</key>
                <array>
                    <string>10487</string>
                </array>
            </dict>
            <dict>
                <key>id</key>
                <string>10495</string>
                <key>children</key>
                <array>
                    <string>10496</string>
                </array>
            </dict>
            <dict>
                <key>id</key>
                <string>10504</string>
                <key>children</key>
                <array>
                    <string>10505</string>
                </array>
            </dict>
            <dict>
                <key>id</key>
                <string>10513</string>
                <key>children</key>
                <array>
                    <string>10514</string>
                </array>
            </dict>
            <dict>
                <key>id</key>
                <string>10522</string>
                <key>children</key>
                <array>
                    <string>10523</string>
                </array>
            </dict>
            <dict>
                <key>id</key>
                <string>10531</string>
                <key>children</key>
                <array>
                    <string>10532</string>
                </array>
            </dict>
            <dict>
                <key>id</key>
                <string>10540</string>
                <key>children</key>
                <array>
                    <string>10541</string>
                </array>
            </dict>
            <dict>
                <key>id</key>
                <string>10549</string>
                <key>children</key>
                <array>
                    <string>10550</string>
                </array>
            </dict>
            <dict>
                <key>id</key>
                <string>10558</string>
                <key>children</key>
                <array>
                    <string>10559</string>
                </array>
            </dict>
            <dict>
                <key>id</key>
                <string>10567</string>
                <key>children</key>
                <array>
                    <string>10568</string>
                </array>
            </dict>
            <dict>
                <key>id</key>
                <string>10576</string>
                <key>children</key>
                <array>
                    <string>10577</string>
                </array>
            </dict>
            <dict>
                <key>id</key>
                <string>10585</string>
                <key>children</key>
                <array>
                    <string>10586</string>
                </array>
            </dict>
            <dict>
                <key>id</key>
                <string>10594</string>
                <key>children</key>
                <array>
                    <string>10595</string>
                </array>
            </dict>
            <dict>
                <key>id</key>
                <string>10603</string>
                <key>children</key>
                <array>
                    <string>10604</string>
                </array>
            </dict>
            <dict>
                <key>id</key>
                <string>10612</string>
                <key>children</key>
                <array>
                    <string>10613</string>
                </array>
            </dict>
            <dict>
                <key>id</key>
                <string>10621</string>
                <key>children</key>
                <array>
                    <string>10622</string>
                </array>
            </dict>
            <dict>
                <key>id</key>
                <string>10630</string>
                <key>children</key>
                <array>
                    <string>10631</string>
                </array>
            </dict>
            <dict>
                <key>id</key>
                <string>10639</string>
                <key>children</key>
                <array>
                    <string>10640</string>
                </array>
            </dict>
            <dict>
                <key>id</key>
                <string>10648</string>
                <key>children</key>
                <array>
                    <string>10649</string>
                </array>
            </dict>
            <dict>
                <key>id</key>
                <string>10657</string>
                <key>children</key>
                <array>
                    <string>10658</string>
                </array>
            </dict>
            <dict>
                <key>id</key>
                <string>10666</string>
                <key>children</key>
                <array>
                    <string>10667</string>
                </array>
            </dict>
            <dict>
                <key>id</key>
                <string>10675</string>
                <key>children</key>
                <array>
                    <string>10676</string>
                </array>
            </dict>
            <dict>
                <key>id</key>
                <string>10684</string>
                <key>children</key>
                <array>
                    <string>10685</string>
                </array>
            </dict>
            <dict>
                <key>id</key>
                <string>10693</string>
                <key>children</key>
                <array>
                    <string>10694</string>
                </array>
            </dict>
            <dict>
                <key>id</key>
                <string>10702</string>
                <key>children</key>
                <array>
                    <string>10703</string>
                </array>
            </dict>
            <dict>
                <key>id</key>
                <string>10711</string>
                <key>children</key>
                <array>
                    <string>10712</string>
                </array>
            </dict>
            <dict>
                <key>id</key>
                <string>10720</string>
                <key>children</key>
                <array>
                    <string>10721</string>
                </array>
            </dict>
            <dict>
                <key>id</key>
                <string>10729</string>
                <key>children</key>
                <array>
                    <string>10730</string>
                </array>
            </dict>
            <dict>
                <key>id</key>
                <string>10738</string>
                <key>children</key>
                <array>
                    <string>10739</string>
                </array>
            </dict>
            <dict>
                <key>id</key>
                <string>10747</string>
                <key>children</key>
                <array>
                    <string>10748</string>
                </array>
            </dict>
            <dict>
                <key>id</key>
                <string>10756</string>
                <key>children</key>
                <array>
                    <string>10757</string>
                </array>
            </dict>
            <dict>
                <key>id</key>
                <string>10765</string>
                <key>children</key>
                <array>
                    <string>10766</string>
                </array>
            </dict>
            <dict>
                <key>id</key>
                <string>10774</string>
                <key>children</key>
                <array>
                    <string>10775</string>
                </array>
            </dict>
            <dict>
                <key>id</key>
                <string>10783</string>
                <key>children</key>
                <array>
                    <string>10784</string>
                </array>
            </dict>
            <dict>
                <key>id</key>
                <string>10792</string>
                <key>children</key>
                <array>
                    <string>10793</string>
                </array>
            </dict>
            <dict>
                <key>id</key>
                <string>10801</string>
                <key>children</key>
                <array>
                    <string>10802</string>
                </array>
            </dict>
            <dict>
                <key>id</key>
                <string>10810</string>
                <key>children</key>
                <array>
                    <string>10811</string>
                </array>
            </dict>
            <dict>
                <key>id</key>
                <string>10819</string>
                <key>children</key>
                <array>
                    <string>10820</string>
                </array>
            </dict>
            <dict>
                <key>id</key>
                <string>10828</string>
                <key>children</key>
                <array>
                    <string>10829</string>
                </array>
            </dict>
            <dict>
                <key>id</key>
                <string>10970</string>
                <key>children</key>
                <array>
                    <string>10971</string>
                </array>
            </dict>
            <dict>
                <key>id</key>
                <string>10979</string>
                <key>children</key>
                <array>
                    <string>10980</string>
                </array>
            </dict>
            <dict>
                <key>id</key>
                <string>10988</string>
                <key>children</key>
                <array>
                    <string>10989</string>
                </array>
            </dict>
            <dict>
                <key>id</key>
                <string>10997</string>
                <key>children</key>
                <array>
                    <string>10998</string>
                </array>
            </dict>
            <dict>
                <key>id</key>
                <string>11006</string>
                <key>children</key>
                <array>
                    <string>11007</string>
                </array>
            </dict>
            <dict>
                <key>id</key>
                <string>11015</string>
                <key>children</key>
                <array>
                    <string>11016</string>
                </array>
            </dict>
            <dict>
                <key>id</key>
                <string>11024</string>
                <key>children</key>
                <array>
                    <string>11025</string>
                </array>
            </dict>
            <dict>
                <key>id</key>
                <string>11033</string>
                <key>children</key>
                <array>
                    <string>11034</string>
                </array>
            </dict>
            <dict>
                <key>id</key>
                <string>11042</string>
                <key>children</key>
                <array>
                    <string>11043</string>
                </array>
            </dict>
            <dict>
                <key>id</key>
                <string>11051</string>
                <key>children</key>
                <array>
                    <string>11052</string>
                </array>
            </dict>
            <dict>
                <key>id</key>
                <string>11060</string>
                <key>children</key>
                <array>
                    <string>11061</string>
                </array>
            </dict>
            <dict>
                <key>id</key>
                <string>11069</string>
                <key>children</key>
                <array>
                    <string>11070</string>
                </array>
            </dict>
            <dict>
                <key>id</key>
                <string>11078</string>
                <key>children</key>
                <array>
                    <string>11079</string>
                </array>
            </dict>
            <dict>
                <key>id</key>
                <string>11087</string>
                <key>children</key>
                <array>
                    <string>11088</string>
                </array>
            </dict>
            <dict>
                <key>id</key>
                <string>11096</string>
                <key>children</key>
                <array>
                    <string>11097</string>
                </array>
            </dict>
            <dict>
                <key>id</key>
                <string>11113</string>
                <key>children</key>
                <array>
                    <string>11114</string>
                </array>
            </dict>
            <dict>
                <key>id</key>
                <string>11122</string>
                <key>children</key>
                <array>
                    <string>11123</string>
                </array>
            </dict>
            <dict>
                <key>id</key>
                <string>11131</string>
                <key>children</key>
                <array>
                    <string>11132</string>
                </array>
            </dict>
            <dict>
                <key>id</key>
                <string>11140</string>
                <key>children</key>
                <array>
                    <string>11141</string>
                </array>
            </dict>
            <dict>
                <key>id</key>
                <string>11149</string>
                <key>children</key>
                <array>
                    <string>11150</string>
                </array>
            </dict>
            <dict>
                <key>id</key>
                <string>11165</string>
                <key>children</key>
                <array>
                    <string>11166</string>
                </array>
            </dict>
            <dict>
                <key>id</key>
                <string>11174</string>
                <key>children</key>
                <array>
                    <string>11175</string>
                </array>
            </dict>
            <dict>
                <key>id</key>
                <string>11183</string>
                <key>children</key>
                <array>
                    <string>11184</string>
                </array>
            </dict>
            <dict>
                <key>id</key>
                <string>11192</string>
                <key>children</key>
                <array>
                    <string>11193</string>
                </array>
            </dict>
            <dict>
                <key>id</key>
                <string>11201</string>
                <key>children</key>
                <array>
                    <string>11202</string>
                </array>
            </dict>
            <dict>
                <key>id</key>
                <string>11210</string>
                <key>children</key>
                <array>
                    <string>11211</string>
                </array>
            </dict>
            <dict>
                <key>id</key>
                <string>11219</string>
                <key>children</key>
                <array>
                    <string>11220</string>
                </array>
            </dict>
            <dict>
                <key>id</key>
                <string>11228</string>
                <key>children</key>
                <array>
                    <string>11229</string>
                </array>
            </dict>
            <dict>
                <key>id</key>
                <string>11237</string>
                <key>children</key>
                <array>
                    <string>11238</string>
                </array>
            </dict>
            <dict>
                <key>id</key>
                <string>11271</string>
                <key>children</key>
                <array>
                    <string>11272</string>
                </array>
            </dict>
            <dict>
                <key>id</key>
                <string>11280</string>
                <key>children</key>
                <array>
                    <string>11281</string>
                </array>
            </dict>
            <dict>
                <key>id</key>
                <string>11289</string>
                <key>children</key>
                <array>
                    <string>11290</string>
                </array>
            </dict>
            <dict>
                <key>id</key>
                <string>11374</string>
                <key>children</key>
                <array>
                    <string>11375</string>
                </array>
            </dict>
            <dict>
                <key>id</key>
                <string>11383</string>
                <key>children</key>
                <array>
                    <string>11384</string>
                </array>
            </dict>
            <dict>
                <key>id</key>
                <string>11392</string>
                <key>children</key>
                <array>
                    <string>11393</string>
                </array>
            </dict>
            <dict>
                <key>id</key>
                <string>11413</string>
                <key>children</key>
                <array>
                    <string>11414</string>
                </array>
            </dict>
            <dict>
                <key>id</key>
                <string>11423</string>
                <key>children</key>
                <array>
                    <string>11424</string>
                </array>
            </dict>
            <dict>
                <key>id</key>
                <string>11432</string>
                <key>children</key>
                <array>
                    <string>11433</string>
                </array>
            </dict>
            <dict>
                <key>id</key>
                <string>11500</string>
                <key>children</key>
                <array>
                    <string>11501</string>
                </array>
            </dict>
            <dict>
                <key>id</key>
                <string>11509</string>
                <key>children</key>
                <array>
                    <string>11510</string>
                </array>
            </dict>
            <dict>
                <key>id</key>
                <string>11518</string>
                <key>children</key>
                <array>
                    <string>11519</string>
                </array>
            </dict>
            <dict>
                <key>id</key>
                <string>11527</string>
                <key>children</key>
                <array>
                    <string>11528</string>
                </array>
            </dict>
            <dict>
                <key>id</key>
                <string>11536</string>
                <key>children</key>
                <array>
                    <string>11537</string>
                </array>
            </dict>
            <dict>
                <key>id</key>
                <string>11545</string>
                <key>children</key>
                <array>
                    <string>11546</string>
                </array>
            </dict>
            <dict>
                <key>id</key>
                <string>11566</string>
                <key>children</key>
                <array>
                    <string>11567</string>
                </array>
            </dict>
            <dict>
                <key>id</key>
                <string>11575</string>
                <key>children</key>
                <array>
                    <string>11576</string>
                </array>
            </dict>
            <dict>
                <key>id</key>
                <string>11584</string>
                <key>children</key>
                <array>
                    <string>11585</string>
                </array>
            </dict>
            <dict>
                <key>id</key>
                <string>11593</string>
                <key>children</key>
                <array>
                    <string>11594</string>
                </array>
            </dict>
            <dict>
                <key>id</key>
                <string>11602</string>
                <key>children</key>
                <array>
                    <string>11603</string>
                </array>
            </dict>
            <dict>
                <key>id</key>
                <string>11611</string>
                <key>children</key>
                <array>
                    <string>11612</string>
                </array>
            </dict>
            <dict>
                <key>id</key>
                <string>11621</string>
                <key>children</key>
                <array>
                    <string>11622</string>
                </array>
            </dict>
            <dict>
                <key>id</key>
                <string>11630</string>
                <key>children</key>
                <array>
                    <string>11631</string>
                </array>
            </dict>
            <dict>
                <key>id</key>
                <string>11642</string>
                <key>children</key>
                <array>
                    <string>11643</string>
                </array>
            </dict>
            <dict>
                <key>id</key>
                <string>11657</string>
                <key>children</key>
                <array>
                    <string>11658</string>
                </array>
            </dict>
            <dict>
                <key>id</key>
                <string>11816</string>
                <key>children</key>
                <array>
                    <string>11817</string>
                </array>
            </dict>
            <dict>
                <key>id</key>
                <string>11825</string>
                <key>children</key>
                <array>
                    <string>11826</string>
                </array>
            </dict>
            <dict>
                <key>id</key>
                <string>11834</string>
                <key>children</key>
                <array>
                    <string>11835</string>
                </array>
            </dict>
            <dict>
                <key>id</key>
                <string>11843</string>
                <key>children</key>
                <array>
                    <string>11844</string>
                </array>
            </dict>
            <dict>
                <key>id</key>
                <string>11852</string>
                <key>children</key>
                <array>
                    <string>11853</string>
                </array>
            </dict>
            <dict>
                <key>id</key>
                <string>11861</string>
                <key>children</key>
                <array>
                    <string>11862</string>
                </array>
            </dict>
            <dict>
                <key>id</key>
                <string>11935</string>
                <key>children</key>
                <array>
                    <string>11936</string>
                </array>
            </dict>
            <dict>
                <key>id</key>
                <string>11944</string>
                <key>children</key>
                <array>
                    <string>11945</string>
                </array>
            </dict>
            <dict>
                <key>id</key>
                <string>11953</string>
                <key>children</key>
                <array>
                    <string>11954</string>
                </array>
            </dict>
            <dict>
                <key>id</key>
                <string>11962</string>
                <key>children</key>
                <array>
                    <string>11963</string>
                </array>
            </dict>
            <dict>
                <key>id</key>
                <string>11971</string>
                <key>children</key>
                <array>
                    <string>11972</string>
                </array>
            </dict>
            <dict>
                <key>id</key>
                <string>11980</string>
                <key>children</key>
                <array>
                    <string>11981</string>
                </array>
            </dict>
            <dict>
                <key>id</key>
                <string>11989</string>
                <key>children</key>
                <array>
                    <string>11990</string>
                </array>
            </dict>
            <dict>
                <key>id</key>
                <string>12010</string>
                <key>children</key>
                <array>
                    <string>12011</string>
                </array>
            </dict>
            <dict>
                <key>id</key>
                <string>12019</string>
                <key>children</key>
                <array>
                    <string>12020</string>
                </array>
            </dict>
            <dict>
                <key>id</key>
                <string>12028</string>
                <key>children</key>
                <array>
                    <string>12029</string>
                </array>
            </dict>
            <dict>
                <key>id</key>
                <string>12037</string>
                <key>children</key>
                <array>
                    <string>12038</string>
                </array>
            </dict>
            <dict>
                <key>id</key>
                <string>12046</string>
                <key>children</key>
                <array>
                    <string>12047</string>
                </array>
            </dict>
            <dict>
                <key>id</key>
                <string>12055</string>
                <key>children</key>
                <array>
                    <string>12056</string>
                </array>
            </dict>
            <dict>
                <key>id</key>
                <string>12182</string>
                <key>children</key>
                <array>
                    <string>12183</string>
                </array>
            </dict>
            <dict>
                <key>id</key>
                <string>12209</string>
                <key>children</key>
                <array>
                    <string>12210</string>
                </array>
            </dict>
            <dict>
                <key>id</key>
                <string>12277</string>
                <key>children</key>
                <array>
                    <string>12278</string>
                </array>
            </dict>
            <dict>
                <key>id</key>
                <string>12286</string>
                <key>children</key>
                <array>
                    <string>12287</string>
                </array>
            </dict>
            <dict>
                <key>id</key>
                <string>12295</string>
                <key>children</key>
                <array>
                    <string>12296</string>
                </array>
            </dict>
            <dict>
                <key>id</key>
                <string>12304</string>
                <key>children</key>
                <array>
                    <string>12305</string>
                </array>
            </dict>
            <dict>
                <key>id</key>
                <string>12313</string>
                <key>children</key>
                <array>
                    <string>12314</string>
                </array>
            </dict>
            <dict>
                <key>id</key>
                <string>12322</string>
                <key>children</key>
                <array>
                    <string>12323</string>
                </array>
            </dict>
            <dict>
                <key>id</key>
                <string>12331</string>
                <key>children</key>
                <array>
                    <string>12332</string>
                </array>
            </dict>
            <dict>
                <key>id</key>
                <string>12340</string>
                <key>children</key>
                <array>
                    <string>12341</string>
                </array>
            </dict>
            <dict>
                <key>id</key>
                <string>12349</string>
                <key>children</key>
                <array>
                    <string>12350</string>
                </array>
            </dict>
            <dict>
                <key>id</key>
                <string>12358</string>
                <key>children</key>
                <array>
                    <string>12359</string>
                </array>
            </dict>
            <dict>
                <key>id</key>
                <string>12367</string>
                <key>children</key>
                <array>
                    <string>12368</string>
                </array>
            </dict>
            <dict>
                <key>id</key>
                <string>12376</string>
                <key>children</key>
                <array>
                    <string>12377</string>
                </array>
            </dict>
            <dict>
                <key>id</key>
                <string>12385</string>
                <key>children</key>
                <array>
                    <string>12386</string>
                </array>
            </dict>
            <dict>
                <key>id</key>
                <string>12394</string>
                <key>children</key>
                <array>
                    <string>12395</string>
                </array>
            </dict>
            <dict>
                <key>id</key>
                <string>12404</string>
                <key>children</key>
                <array>
                    <string>12405</string>
                </array>
            </dict>
            <dict>
                <key>id</key>
                <string>12413</string>
                <key>children</key>
                <array>
                    <string>12414</string>
                </array>
            </dict>
            <dict>
                <key>id</key>
                <string>12422</string>
                <key>children</key>
                <array>
                    <string>12423</string>
                </array>
            </dict>
            <dict>
                <key>id</key>
                <string>12431</string>
                <key>children</key>
                <array>
                    <string>12432</string>
                </array>
            </dict>
            <dict>
                <key>id</key>
                <string>12440</string>
                <key>children</key>
                <array>
                    <string>12441</string>
                </array>
            </dict>
            <dict>
                <key>id</key>
                <string>12449</string>
                <key>children</key>
                <array>
                    <string>12450</string>
                </array>
            </dict>
            <dict>
                <key>id</key>
                <string>12458</string>
                <key>children</key>
                <array>
                    <string>12459</string>
                </array>
            </dict>
            <dict>
                <key>id</key>
                <string>12467</string>
                <key>children</key>
                <array>
                    <string>12468</string>
                </array>
            </dict>
            <dict>
                <key>id</key>
                <string>12476</string>
                <key>children</key>
                <array>
                    <string>12477</string>
                </array>
            </dict>
            <dict>
                <key>id</key>
                <string>12553</string>
                <key>children</key>
                <array>
                    <string>12554</string>
                </array>
            </dict>
            <dict>
                <key>id</key>
                <string>12574</string>
                <key>children</key>
                <array>
                    <string>12575</string>
                </array>
            </dict>
            <dict>
                <key>id</key>
                <string>12583</string>
                <key>children</key>
                <array>
                    <string>12584</string>
                </array>
            </dict>
            <dict>
                <key>id</key>
                <string>12592</string>
                <key>children</key>
                <array>
                    <string>12593</string>
                </array>
            </dict>
            <dict>
                <key>id</key>
                <string>12601</string>
                <key>children</key>
                <array>
                    <string>12602</string>
                </array>
            </dict>
            <dict>
                <key>id</key>
                <string>12610</string>
                <key>children</key>
                <array>
                    <string>12611</string>
                </array>
            </dict>
            <dict>
                <key>id</key>
                <string>12619</string>
                <key>children</key>
                <array>
                    <string>12620</string>
                </array>
            </dict>
            <dict>
                <key>id</key>
                <string>12628</string>
                <key>children</key>
                <array>
                    <string>12629</string>
                </array>
            </dict>
            <dict>
                <key>id</key>
                <string>12637</string>
                <key>children</key>
                <array>
                    <string>12638</string>
                </array>
            </dict>
            <dict>
                <key>id</key>
                <string>12646</string>
                <key>children</key>
                <array>
                    <string>12647</string>
                </array>
            </dict>
            <dict>
                <key>id</key>
                <string>12655</string>
                <key>children</key>
                <array>
                    <string>12656</string>
                </array>
            </dict>
            <dict>
                <key>id</key>
                <string>12664</string>
                <key>children</key>
                <array>
                    <string>12665</string>
                </array>
            </dict>
            <dict>
                <key>id</key>
                <string>12673</string>
                <key>children</key>
                <array>
                    <string>12674</string>
                </array>
            </dict>
            <dict>
                <key>id</key>
                <string>12682</string>
                <key>children</key>
                <array>
                    <string>12683</string>
                </array>
            </dict>
            <dict>
                <key>id</key>
                <string>12885</string>
                <key>children</key>
                <array>
                    <string>12886</string>
                </array>
            </dict>
            <dict>
                <key>id</key>
                <string>12894</string>
                <key>children</key>
                <array>
                    <string>12895</string>
                </array>
            </dict>
            <dict>
                <key>id</key>
                <string>12903</string>
                <key>children</key>
                <array>
                    <string>12904</string>
                </array>
            </dict>
            <dict>
                <key>id</key>
                <string>12912</string>
                <key>children</key>
                <array>
                    <string>12913</string>
                </array>
            </dict>
            <dict>
                <key>id</key>
                <string>12921</string>
                <key>children</key>
                <array>
                    <string>12922</string>
                </array>
            </dict>
            <dict>
                <key>id</key>
                <string>12942</string>
                <key>children</key>
                <array>
                    <string>12943</string>
                </array>
            </dict>
            <dict>
                <key>id</key>
                <string>12951</string>
                <key>children</key>
                <array>
                    <string>12952</string>
                </array>
            </dict>
            <dict>
                <key>id</key>
                <string>12960</string>
                <key>children</key>
                <array>
                    <string>12961</string>
                </array>
            </dict>
            <dict>
                <key>id</key>
                <string>12969</string>
                <key>children</key>
                <array>
                    <string>12970</string>
                </array>
            </dict>
            <dict>
                <key>id</key>
                <string>12978</string>
                <key>children</key>
                <array>
                    <string>12979</string>
                </array>
            </dict>
            <dict>
                <key>id</key>
                <string>12987</string>
                <key>children</key>
                <array>
                    <string>12988</string>
                </array>
            </dict>
            <dict>
                <key>id</key>
                <string>12996</string>
                <key>children</key>
                <array>
                    <string>12997</string>
                </array>
            </dict>
            <dict>
                <key>id</key>
                <string>13005</string>
                <key>children</key>
                <array>
                    <string>13006</string>
                </array>
            </dict>
            <dict>
                <key>id</key>
                <string>13014</string>
                <key>children</key>
                <array>
                    <string>13015</string>
                </array>
            </dict>
            <dict>
                <key>id</key>
                <string>13023</string>
                <key>children</key>
                <array>
                    <string>13024</string>
                </array>
            </dict>
            <dict>
                <key>id</key>
                <string>13032</string>
                <key>children</key>
                <array>
                    <string>13033</string>
                </array>
            </dict>
            <dict>
                <key>id</key>
                <string>13041</string>
                <key>children</key>
                <array>
                    <string>13042</string>
                </array>
            </dict>
            <dict>
                <key>id</key>
                <string>13050</string>
                <key>children</key>
                <array>
                    <string>13051</string>
                </array>
            </dict>
            <dict>
                <key>id</key>
                <string>13059</string>
                <key>children</key>
                <array>
                    <string>13060</string>
                </array>
            </dict>
            <dict>
                <key>id</key>
                <string>13068</string>
                <key>children</key>
                <array>
                    <string>13069</string>
                </array>
            </dict>
            <dict>
                <key>id</key>
                <string>13077</string>
                <key>children</key>
                <array>
                    <string>13078</string>
                </array>
            </dict>
            <dict>
                <key>id</key>
                <string>13086</string>
                <key>children</key>
                <array>
                    <string>13087</string>
                </array>
            </dict>
            <dict>
                <key>id</key>
                <string>13095</string>
                <key>children</key>
                <array>
                    <string>13096</string>
                </array>
            </dict>
            <dict>
                <key>id</key>
                <string>13104</string>
                <key>children</key>
                <array>
                    <string>13105</string>
                </array>
            </dict>
            <dict>
                <key>id</key>
                <string>13113</string>
                <key>children</key>
                <array>
                    <string>13114</string>
                </array>
            </dict>
            <dict>
                <key>id</key>
                <string>13122</string>
                <key>children</key>
                <array>
                    <string>13123</string>
                </array>
            </dict>
            <dict>
                <key>id</key>
                <string>13131</string>
                <key>children</key>
                <array>
                    <string>13132</string>
                </array>
            </dict>
            <dict>
                <key>id</key>
                <string>13140</string>
                <key>children</key>
                <array>
                    <string>13141</string>
                </array>
            </dict>
            <dict>
                <key>id</key>
                <string>13238</string>
                <key>children</key>
                <array>
                    <string>13239</string>
                </array>
            </dict>
            <dict>
                <key>id</key>
                <string>13248</string>
                <key>children</key>
                <array>
                    <string>13249</string>
                </array>
            </dict>
            <dict>
                <key>id</key>
                <string>13257</string>
                <key>children</key>
                <array>
                    <string>13258</string>
                </array>
            </dict>
            <dict>
                <key>id</key>
                <string>13266</string>
                <key>children</key>
                <array>
                    <string>13267</string>
                </array>
            </dict>
            <dict>
                <key>id</key>
                <string>13275</string>
                <key>children</key>
                <array>
                    <string>13276</string>
                </array>
            </dict>
            <dict>
                <key>id</key>
                <string>13343</string>
                <key>children</key>
                <array>
                    <string>13344</string>
                </array>
            </dict>
            <dict>
                <key>id</key>
                <string>13352</string>
                <key>children</key>
                <array>
                    <string>13353</string>
                </array>
            </dict>
            <dict>
                <key>id</key>
                <string>13361</string>
                <key>children</key>
                <array>
                    <string>13362</string>
                </array>
            </dict>
            <dict>
                <key>id</key>
                <string>13370</string>
                <key>children</key>
                <array>
                    <string>13371</string>
                </array>
            </dict>
            <dict>
                <key>id</key>
                <string>13379</string>
                <key>children</key>
                <array>
                    <string>13380</string>
                </array>
            </dict>
            <dict>
                <key>id</key>
                <string>13388</string>
                <key>children</key>
                <array>
                    <string>13389</string>
                </array>
            </dict>
            <dict>
                <key>id</key>
                <string>13397</string>
                <key>children</key>
                <array>
                    <string>13398</string>
                </array>
            </dict>
        </array>
    </dict>
</plist>
