<?xml version="1.0" encoding="UTF-8"?>
<!DOCTYPE plist PUBLIC "-//Apple//DTD PLIST 1.0//EN" "http://www.apple.com/DTDs/PropertyList-1.0.dtd"/>

<plist version="1.0">
    <dict>
        <key>ROOT</key>
        <array>
            <dict>
                <key>id</key>
                <string>1905</string>
            </dict>
            <dict>
                <key>id</key>
                <string>1914</string>
            </dict>
            <dict>
                <key>id</key>
                <string>1940</string>
            </dict>
            <dict>
                <key>id</key>
                <string>1949</string>
            </dict>
            <dict>
                <key>id</key>
                <string>1958</string>
            </dict>
            <dict>
                <key>id</key>
                <string>1967</string>
            </dict>
            <dict>
                <key>id</key>
                <string>1988</string>
            </dict>
            <dict>
                <key>id</key>
                <string>2030</string>
            </dict>
            <dict>
                <key>id</key>
                <string>2039</string>
            </dict>
            <dict>
                <key>id</key>
                <string>2048</string>
            </dict>
            <dict>
                <key>id</key>
                <string>2057</string>
            </dict>
            <dict>
                <key>id</key>
                <string>2066</string>
            </dict>
            <dict>
                <key>id</key>
                <string>2120</string>
            </dict>
            <dict>
                <key>id</key>
                <string>2129</string>
            </dict>
            <dict>
                <key>id</key>
                <string>2138</string>
            </dict>
            <dict>
                <key>id</key>
                <string>2147</string>
            </dict>
            <dict>
                <key>id</key>
                <string>2156</string>
            </dict>
            <dict>
                <key>id</key>
                <string>2165</string>
            </dict>
            <dict>
                <key>id</key>
                <string>2174</string>
            </dict>
            <dict>
                <key>id</key>
                <string>2183</string>
            </dict>
            <dict>
                <key>id</key>
                <string>2192</string>
            </dict>
            <dict>
                <key>id</key>
                <string>2202</string>
            </dict>
            <dict>
                <key>id</key>
                <string>2211</string>
            </dict>
            <dict>
                <key>id</key>
                <string>2220</string>
            </dict>
            <dict>
                <key>id</key>
                <string>2229</string>
            </dict>
            <dict>
                <key>id</key>
                <string>2243</string>
            </dict>
            <dict>
                <key>id</key>
                <string>2252</string>
            </dict>
            <dict>
                <key>id</key>
                <string>2282</string>
            </dict>
            <dict>
                <key>id</key>
                <string>2291</string>
            </dict>
            <dict>
                <key>id</key>
                <string>2311</string>
            </dict>
            <dict>
                <key>id</key>
                <string>2320</string>
            </dict>
            <dict>
                <key>id</key>
                <string>2349</string>
            </dict>
            <dict>
                <key>id</key>
                <string>2358</string>
            </dict>
            <dict>
                <key>id</key>
                <string>2367</string>
            </dict>
            <dict>
                <key>id</key>
                <string>2376</string>
            </dict>
            <dict>
                <key>id</key>
                <string>2385</string>
            </dict>
            <dict>
                <key>id</key>
                <string>2394</string>
            </dict>
            <dict>
                <key>id</key>
                <string>2403</string>
            </dict>
            <dict>
                <key>id</key>
                <string>2412</string>
            </dict>
            <dict>
                <key>id</key>
                <string>2421</string>
            </dict>
            <dict>
                <key>id</key>
                <string>2430</string>
            </dict>
            <dict>
                <key>id</key>
                <string>2439</string>
            </dict>
            <dict>
                <key>id</key>
                <string>2448</string>
            </dict>
            <dict>
                <key>id</key>
                <string>2457</string>
            </dict>
            <dict>
                <key>id</key>
                <string>2466</string>
            </dict>
            <dict>
                <key>id</key>
                <string>2475</string>
            </dict>
            <dict>
                <key>id</key>
                <string>2484</string>
            </dict>
            <dict>
                <key>id</key>
                <string>2493</string>
            </dict>
            <dict>
                <key>id</key>
                <string>2509</string>
            </dict>
            <dict>
                <key>id</key>
                <string>2522</string>
            </dict>
            <dict>
                <key>id</key>
                <string>2531</string>
            </dict>
            <dict>
                <key>id</key>
                <string>2540</string>
            </dict>
            <dict>
                <key>id</key>
                <string>2549</string>
            </dict>
            <dict>
                <key>id</key>
                <string>2558</string>
            </dict>
            <dict>
                <key>id</key>
                <string>2567</string>
            </dict>
            <dict>
                <key>id</key>
                <string>2576</string>
            </dict>
            <dict>
                <key>id</key>
                <string>2585</string>
            </dict>
            <dict>
                <key>id</key>
                <string>2588</string>
            </dict>
            <dict>
                <key>id</key>
                <string>2609</string>
            </dict>
            <dict>
                <key>id</key>
                <string>2628</string>
            </dict>
            <dict>
                <key>id</key>
                <string>2649</string>
            </dict>
            <dict>
                <key>id</key>
                <string>2650</string>
            </dict>
            <dict>
                <key>id</key>
                <string>2659</string>
            </dict>
            <dict>
                <key>id</key>
                <string>2668</string>
            </dict>
            <dict>
                <key>id</key>
                <string>2677</string>
            </dict>
            <dict>
                <key>id</key>
                <string>2686</string>
            </dict>
            <dict>
                <key>id</key>
                <string>2704</string>
            </dict>
            <dict>
                <key>id</key>
                <string>2713</string>
            </dict>
            <dict>
                <key>id</key>
                <string>2716</string>
            </dict>
            <dict>
                <key>id</key>
                <string>2719</string>
            </dict>
            <dict>
                <key>id</key>
                <string>2722</string>
            </dict>
            <dict>
                <key>id</key>
                <string>2725</string>
            </dict>
            <dict>
                <key>id</key>
                <string>2734</string>
            </dict>
            <dict>
                <key>id</key>
                <string>2743</string>
            </dict>
            <dict>
                <key>id</key>
                <string>2746</string>
            </dict>
            <dict>
                <key>id</key>
                <string>2749</string>
            </dict>
            <dict>
                <key>id</key>
                <string>2752</string>
            </dict>
            <dict>
                <key>id</key>
                <string>2755</string>
            </dict>
            <dict>
                <key>id</key>
                <string>2758</string>
            </dict>
            <dict>
                <key>id</key>
                <string>2761</string>
            </dict>
            <dict>
                <key>id</key>
                <string>2764</string>
            </dict>
            <dict>
                <key>id</key>
                <string>2767</string>
            </dict>
            <dict>
                <key>id</key>
                <string>2776</string>
            </dict>
            <dict>
                <key>id</key>
                <string>2785</string>
            </dict>
            <dict>
                <key>id</key>
                <string>2788</string>
            </dict>
            <dict>
                <key>id</key>
                <string>2791</string>
            </dict>
            <dict>
                <key>id</key>
                <string>2794</string>
            </dict>
            <dict>
                <key>id</key>
                <string>2797</string>
            </dict>
            <dict>
                <key>id</key>
                <string>2800</string>
            </dict>
            <dict>
                <key>id</key>
                <string>2803</string>
            </dict>
            <dict>
                <key>id</key>
                <string>2806</string>
            </dict>
            <dict>
                <key>id</key>
                <string>2809</string>
            </dict>
            <dict>
                <key>id</key>
                <string>2812</string>
            </dict>
            <dict>
                <key>id</key>
                <string>2821</string>
            </dict>
            <dict>
                <key>id</key>
                <string>2830</string>
            </dict>
            <dict>
                <key>id</key>
                <string>2839</string>
            </dict>
            <dict>
                <key>id</key>
                <string>2848</string>
            </dict>
            <dict>
                <key>id</key>
                <string>2851</string>
            </dict>
            <dict>
                <key>id</key>
                <string>2854</string>
            </dict>
            <dict>
                <key>id</key>
                <string>2857</string>
            </dict>
            <dict>
                <key>id</key>
                <string>2860</string>
            </dict>
            <dict>
                <key>id</key>
                <string>2886</string>
            </dict>
            <dict>
                <key>id</key>
                <string>2895</string>
            </dict>
            <dict>
                <key>id</key>
                <string>2905</string>
            </dict>
            <dict>
                <key>id</key>
                <string>2917</string>
            </dict>
            <dict>
                <key>id</key>
                <string>2926</string>
            </dict>
            <dict>
                <key>id</key>
                <string>2935</string>
            </dict>
            <dict>
                <key>id</key>
                <string>2944</string>
            </dict>
            <dict>
                <key>id</key>
                <string>2964</string>
            </dict>
            <dict>
                <key>id</key>
                <string>2980</string>
            </dict>
            <dict>
                <key>id</key>
                <string>2989</string>
            </dict>
            <dict>
                <key>id</key>
                <string>3021</string>
            </dict>
            <dict>
                <key>id</key>
                <string>3041</string>
            </dict>
            <dict>
                <key>id</key>
                <string>3050</string>
            </dict>
            <dict>
                <key>id</key>
                <string>3090</string>
            </dict>
            <dict>
                <key>id</key>
                <string>3099</string>
            </dict>
            <dict>
                <key>id</key>
                <string>3108</string>
            </dict>
            <dict>
                <key>id</key>
                <string>3117</string>
            </dict>
            <dict>
                <key>id</key>
                <string>3126</string>
            </dict>
            <dict>
                <key>id</key>
                <string>3135</string>
            </dict>
            <dict>
                <key>id</key>
                <string>3144</string>
            </dict>
            <dict>
                <key>id</key>
                <string>3153</string>
            </dict>
            <dict>
                <key>id</key>
                <string>3162</string>
            </dict>
            <dict>
                <key>id</key>
                <string>3171</string>
            </dict>
            <dict>
                <key>id</key>
                <string>3199</string>
            </dict>
            <dict>
                <key>id</key>
                <string>3208</string>
            </dict>
            <dict>
                <key>id</key>
                <string>3217</string>
            </dict>
            <dict>
                <key>id</key>
                <string>3226</string>
            </dict>
            <dict>
                <key>id</key>
                <string>3235</string>
            </dict>
            <dict>
                <key>id</key>
                <string>3244</string>
            </dict>
            <dict>
                <key>id</key>
                <string>3253</string>
            </dict>
            <dict>
                <key>id</key>
                <string>3272</string>
            </dict>
            <dict>
                <key>id</key>
                <string>3353</string>
            </dict>
            <dict>
                <key>id</key>
                <string>3362</string>
            </dict>
            <dict>
                <key>id</key>
                <string>3371</string>
            </dict>
            <dict>
                <key>id</key>
                <string>3380</string>
            </dict>
            <dict>
                <key>id</key>
                <string>3447</string>
            </dict>
            <dict>
                <key>id</key>
                <string>3456</string>
            </dict>
            <dict>
                <key>id</key>
                <string>3477</string>
            </dict>
            <dict>
                <key>id</key>
                <string>3486</string>
            </dict>
            <dict>
                <key>id</key>
                <string>3495</string>
            </dict>
            <dict>
                <key>id</key>
                <string>3504</string>
            </dict>
            <dict>
                <key>id</key>
                <string>3513</string>
            </dict>
            <dict>
                <key>id</key>
                <string>3522</string>
            </dict>
            <dict>
                <key>id</key>
                <string>3531</string>
            </dict>
            <dict>
                <key>id</key>
                <string>3540</string>
            </dict>
            <dict>
                <key>id</key>
                <string>3549</string>
            </dict>
            <dict>
                <key>id</key>
                <string>3567</string>
            </dict>
            <dict>
                <key>id</key>
                <string>3576</string>
            </dict>
            <dict>
                <key>id</key>
                <string>3585</string>
            </dict>
            <dict>
                <key>id</key>
                <string>3598</string>
            </dict>
            <dict>
                <key>id</key>
                <string>3607</string>
            </dict>
            <dict>
                <key>id</key>
                <string>3616</string>
            </dict>
            <dict>
                <key>id</key>
                <string>3625</string>
            </dict>
            <dict>
                <key>id</key>
                <string>3634</string>
            </dict>
            <dict>
                <key>id</key>
                <string>3674</string>
            </dict>
            <dict>
                <key>id</key>
                <string>3683</string>
            </dict>
            <dict>
                <key>id</key>
                <string>3692</string>
            </dict>
            <dict>
                <key>id</key>
                <string>3701</string>
            </dict>
            <dict>
                <key>id</key>
                <string>3717</string>
            </dict>
            <dict>
                <key>id</key>
                <string>3726</string>
            </dict>
            <dict>
                <key>id</key>
                <string>3735</string>
            </dict>
            <dict>
                <key>id</key>
                <string>3744</string>
            </dict>
            <dict>
                <key>id</key>
                <string>3753</string>
            </dict>
            <dict>
                <key>id</key>
                <string>3762</string>
            </dict>
            <dict>
                <key>id</key>
                <string>3771</string>
            </dict>
            <dict>
                <key>id</key>
                <string>3784</string>
            </dict>
            <dict>
                <key>id</key>
                <string>3793</string>
            </dict>
            <dict>
                <key>id</key>
                <string>3802</string>
            </dict>
            <dict>
                <key>id</key>
                <string>3811</string>
            </dict>
            <dict>
                <key>id</key>
                <string>3820</string>
            </dict>
            <dict>
                <key>id</key>
                <string>3829</string>
            </dict>
            <dict>
                <key>id</key>
                <string>3838</string>
            </dict>
            <dict>
                <key>id</key>
                <string>3847</string>
            </dict>
            <dict>
                <key>id</key>
                <string>3856</string>
            </dict>
            <dict>
                <key>id</key>
                <string>3865</string>
            </dict>
            <dict>
                <key>id</key>
                <string>3874</string>
            </dict>
            <dict>
                <key>id</key>
                <string>3883</string>
            </dict>
            <dict>
                <key>id</key>
                <string>3892</string>
            </dict>
            <dict>
                <key>id</key>
                <string>3901</string>
            </dict>
            <dict>
                <key>id</key>
                <string>3910</string>
            </dict>
            <dict>
                <key>id</key>
                <string>3919</string>
            </dict>
            <dict>
                <key>id</key>
                <string>3928</string>
            </dict>
            <dict>
                <key>id</key>
                <string>3937</string>
            </dict>
            <dict>
                <key>id</key>
                <string>3968</string>
            </dict>
            <dict>
                <key>id</key>
                <string>3977</string>
            </dict>
            <dict>
                <key>id</key>
                <string>3986</string>
            </dict>
            <dict>
                <key>id</key>
                <string>3995</string>
            </dict>
            <dict>
                <key>id</key>
                <string>4004</string>
            </dict>
            <dict>
                <key>id</key>
                <string>4017</string>
            </dict>
            <dict>
                <key>id</key>
                <string>4026</string>
            </dict>
            <dict>
                <key>id</key>
                <string>4035</string>
            </dict>
            <dict>
                <key>id</key>
                <string>4044</string>
            </dict>
            <dict>
                <key>id</key>
                <string>4053</string>
            </dict>
            <dict>
                <key>id</key>
                <string>4062</string>
            </dict>
            <dict>
                <key>id</key>
                <string>4071</string>
            </dict>
            <dict>
                <key>id</key>
                <string>4080</string>
            </dict>
            <dict>
                <key>id</key>
                <string>4089</string>
            </dict>
            <dict>
                <key>id</key>
                <string>4098</string>
            </dict>
            <dict>
                <key>id</key>
                <string>4108</string>
            </dict>
            <dict>
                <key>id</key>
                <string>4117</string>
            </dict>
            <dict>
                <key>id</key>
                <string>4126</string>
            </dict>
            <dict>
                <key>id</key>
                <string>4135</string>
            </dict>
            <dict>
                <key>id</key>
                <string>4144</string>
            </dict>
            <dict>
                <key>id</key>
                <string>4153</string>
            </dict>
            <dict>
                <key>id</key>
                <string>4162</string>
            </dict>
            <dict>
                <key>id</key>
                <string>4171</string>
            </dict>
            <dict>
                <key>id</key>
                <string>4180</string>
            </dict>
            <dict>
                <key>id</key>
                <string>4189</string>
            </dict>
            <dict>
                <key>id</key>
                <string>4198</string>
            </dict>
            <dict>
                <key>id</key>
                <string>4207</string>
            </dict>
            <dict>
                <key>id</key>
                <string>4216</string>
            </dict>
            <dict>
                <key>id</key>
                <string>4225</string>
            </dict>
            <dict>
                <key>id</key>
                <string>4234</string>
            </dict>
            <dict>
                <key>id</key>
                <string>4306</string>
            </dict>
            <dict>
                <key>id</key>
                <string>4315</string>
            </dict>
            <dict>
                <key>id</key>
                <string>4359</string>
            </dict>
            <dict>
                <key>id</key>
                <string>4368</string>
            </dict>
            <dict>
                <key>id</key>
                <string>4377</string>
            </dict>
            <dict>
                <key>id</key>
                <string>4386</string>
            </dict>
            <dict>
                <key>id</key>
                <string>4430</string>
            </dict>
            <dict>
                <key>id</key>
                <string>4475</string>
            </dict>
            <dict>
                <key>id</key>
                <string>4484</string>
            </dict>
            <dict>
                <key>id</key>
                <string>4497</string>
            </dict>
            <dict>
                <key>id</key>
                <string>4506</string>
            </dict>
            <dict>
                <key>id</key>
                <string>4515</string>
            </dict>
            <dict>
                <key>id</key>
                <string>4524</string>
            </dict>
            <dict>
                <key>id</key>
                <string>4567</string>
            </dict>
            <dict>
                <key>id</key>
                <string>4576</string>
            </dict>
            <dict>
                <key>id</key>
                <string>4586</string>
            </dict>
            <dict>
                <key>id</key>
                <string>4600</string>
            </dict>
            <dict>
                <key>id</key>
                <string>4609</string>
            </dict>
            <dict>
                <key>id</key>
                <string>4618</string>
            </dict>
            <dict>
                <key>id</key>
                <string>4627</string>
            </dict>
            <dict>
                <key>id</key>
                <string>4636</string>
            </dict>
            <dict>
                <key>id</key>
                <string>4645</string>
            </dict>
            <dict>
                <key>id</key>
                <string>4654</string>
            </dict>
            <dict>
                <key>id</key>
                <string>4663</string>
            </dict>
            <dict>
                <key>id</key>
                <string>4672</string>
            </dict>
            <dict>
                <key>id</key>
                <string>4681</string>
            </dict>
            <dict>
                <key>id</key>
                <string>4690</string>
            </dict>
            <dict>
                <key>id</key>
                <string>4699</string>
            </dict>
            <dict>
                <key>id</key>
                <string>4708</string>
            </dict>
            <dict>
                <key>id</key>
                <string>4717</string>
            </dict>
            <dict>
                <key>id</key>
                <string>4772</string>
            </dict>
            <dict>
                <key>id</key>
                <string>4809</string>
            </dict>
            <dict>
                <key>id</key>
                <string>4818</string>
            </dict>
            <dict>
                <key>id</key>
                <string>4827</string>
            </dict>
            <dict>
                <key>id</key>
                <string>4879</string>
            </dict>
            <dict>
                <key>id</key>
                <string>4888</string>
            </dict>
            <dict>
                <key>id</key>
                <string>4897</string>
            </dict>
            <dict>
                <key>id</key>
                <string>4906</string>
            </dict>
            <dict>
                <key>id</key>
                <string>4915</string>
            </dict>
            <dict>
                <key>id</key>
                <string>4924</string>
            </dict>
            <dict>
                <key>id</key>
                <string>4933</string>
            </dict>
            <dict>
                <key>id</key>
                <string>4942</string>
            </dict>
            <dict>
                <key>id</key>
                <string>4951</string>
            </dict>
            <dict>
                <key>id</key>
                <string>4960</string>
            </dict>
            <dict>
                <key>id</key>
                <string>4969</string>
            </dict>
            <dict>
                <key>id</key>
                <string>4978</string>
            </dict>
            <dict>
                <key>id</key>
                <string>4987</string>
            </dict>
            <dict>
                <key>id</key>
                <string>4996</string>
            </dict>
            <dict>
                <key>id</key>
                <string>5005</string>
            </dict>
            <dict>
                <key>id</key>
                <string>5014</string>
            </dict>
            <dict>
                <key>id</key>
                <string>5023</string>
            </dict>
            <dict>
                <key>id</key>
                <string>5032</string>
            </dict>
            <dict>
                <key>id</key>
                <string>5041</string>
            </dict>
            <dict>
                <key>id</key>
                <string>5050</string>
            </dict>
            <dict>
                <key>id</key>
                <string>5059</string>
            </dict>
            <dict>
                <key>id</key>
                <string>5068</string>
            </dict>
            <dict>
                <key>id</key>
                <string>5077</string>
            </dict>
            <dict>
                <key>id</key>
                <string>5086</string>
            </dict>
            <dict>
                <key>id</key>
                <string>5095</string>
            </dict>
            <dict>
                <key>id</key>
                <string>5104</string>
            </dict>
            <dict>
                <key>id</key>
                <string>5113</string>
            </dict>
            <dict>
                <key>id</key>
                <string>5122</string>
            </dict>
            <dict>
                <key>id</key>
                <string>5131</string>
            </dict>
            <dict>
                <key>id</key>
                <string>5140</string>
            </dict>
            <dict>
                <key>id</key>
                <string>5149</string>
            </dict>
            <dict>
                <key>id</key>
                <string>5158</string>
            </dict>
            <dict>
                <key>id</key>
                <string>5167</string>
            </dict>
            <dict>
                <key>id</key>
                <string>5176</string>
            </dict>
            <dict>
                <key>id</key>
                <string>5185</string>
            </dict>
            <dict>
                <key>id</key>
                <string>5194</string>
            </dict>
            <dict>
                <key>id</key>
                <string>5203</string>
            </dict>
            <dict>
                <key>id</key>
                <string>5212</string>
            </dict>
            <dict>
                <key>id</key>
                <string>5221</string>
            </dict>
            <dict>
                <key>id</key>
                <string>5230</string>
            </dict>
            <dict>
                <key>id</key>
                <string>5239</string>
            </dict>
            <dict>
                <key>id</key>
                <string>5248</string>
            </dict>
            <dict>
                <key>id</key>
                <string>5257</string>
            </dict>
            <dict>
                <key>id</key>
                <string>5266</string>
            </dict>
            <dict>
                <key>id</key>
                <string>5275</string>
            </dict>
            <dict>
                <key>id</key>
                <string>5284</string>
            </dict>
            <dict>
                <key>id</key>
                <string>5334</string>
            </dict>
            <dict>
                <key>id</key>
                <string>5343</string>
            </dict>
            <dict>
                <key>id</key>
                <string>5353</string>
            </dict>
            <dict>
                <key>id</key>
                <string>5428</string>
            </dict>
            <dict>
                <key>id</key>
                <string>5437</string>
            </dict>
            <dict>
                <key>id</key>
                <string>5446</string>
            </dict>
            <dict>
                <key>id</key>
                <string>5455</string>
            </dict>
            <dict>
                <key>id</key>
                <string>5464</string>
            </dict>
            <dict>
                <key>id</key>
                <string>5473</string>
            </dict>
            <dict>
                <key>id</key>
                <string>5525</string>
            </dict>
            <dict>
                <key>id</key>
                <string>5534</string>
            </dict>
            <dict>
                <key>id</key>
                <string>5543</string>
            </dict>
            <dict>
                <key>id</key>
                <string>5552</string>
            </dict>
            <dict>
                <key>id</key>
                <string>5561</string>
            </dict>
            <dict>
                <key>id</key>
                <string>5570</string>
            </dict>
            <dict>
                <key>id</key>
                <string>5579</string>
            </dict>
            <dict>
                <key>id</key>
                <string>5588</string>
            </dict>
            <dict>
                <key>id</key>
                <string>5603</string>
            </dict>
            <dict>
                <key>id</key>
                <string>5618</string>
            </dict>
            <dict>
                <key>id</key>
                <string>5633</string>
            </dict>
            <dict>
                <key>id</key>
                <string>5669</string>
            </dict>
            <dict>
                <key>id</key>
                <string>5684</string>
            </dict>
            <dict>
                <key>id</key>
                <string>5693</string>
            </dict>
            <dict>
                <key>id</key>
                <string>5702</string>
            </dict>
            <dict>
                <key>id</key>
                <string>5711</string>
            </dict>
            <dict>
                <key>id</key>
                <string>5720</string>
            </dict>
            <dict>
                <key>id</key>
                <string>5729</string>
            </dict>
            <dict>
                <key>id</key>
                <string>5748</string>
            </dict>
            <dict>
                <key>id</key>
                <string>5757</string>
            </dict>
            <dict>
                <key>id</key>
                <string>5778</string>
            </dict>
            <dict>
                <key>id</key>
                <string>5797</string>
            </dict>
            <dict>
                <key>id</key>
                <string>5810</string>
            </dict>
            <dict>
                <key>id</key>
                <string>5821</string>
            </dict>
            <dict>
                <key>id</key>
                <string>5840</string>
            </dict>
            <dict>
                <key>id</key>
                <string>5849</string>
            </dict>
            <dict>
                <key>id</key>
                <string>5858</string>
            </dict>
            <dict>
                <key>id</key>
                <string>5867</string>
            </dict>
            <dict>
                <key>id</key>
                <string>5876</string>
            </dict>
            <dict>
                <key>id</key>
                <string>5885</string>
            </dict>
            <dict>
                <key>id</key>
                <string>5894</string>
            </dict>
            <dict>
                <key>id</key>
                <string>5903</string>
            </dict>
            <dict>
                <key>id</key>
                <string>5912</string>
            </dict>
            <dict>
                <key>id</key>
                <string>5927</string>
            </dict>
            <dict>
                <key>id</key>
                <string>5936</string>
            </dict>
            <dict>
                <key>id</key>
                <string>5984</string>
            </dict>
            <dict>
                <key>id</key>
                <string>6042</string>
            </dict>
            <dict>
                <key>id</key>
                <string>6051</string>
            </dict>
            <dict>
                <key>id</key>
                <string>6060</string>
            </dict>
            <dict>
                <key>id</key>
                <string>6182</string>
            </dict>
            <dict>
                <key>id</key>
                <string>6191</string>
            </dict>
            <dict>
                <key>id</key>
                <string>6200</string>
            </dict>
            <dict>
                <key>id</key>
                <string>6209</string>
            </dict>
            <dict>
                <key>id</key>
                <string>6218</string>
            </dict>
            <dict>
                <key>id</key>
                <string>6227</string>
            </dict>
            <dict>
                <key>id</key>
                <string>6236</string>
            </dict>
            <dict>
                <key>id</key>
                <string>6253</string>
            </dict>
            <dict>
                <key>id</key>
                <string>6262</string>
            </dict>
            <dict>
                <key>id</key>
                <string>6271</string>
            </dict>
            <dict>
                <key>id</key>
                <string>6280</string>
            </dict>
            <dict>
                <key>id</key>
                <string>6289</string>
            </dict>
            <dict>
                <key>id</key>
                <string>6298</string>
            </dict>
            <dict>
                <key>id</key>
                <string>6307</string>
            </dict>
            <dict>
                <key>id</key>
                <string>6322</string>
            </dict>
            <dict>
                <key>id</key>
                <string>6331</string>
            </dict>
            <dict>
                <key>id</key>
                <string>6340</string>
            </dict>
            <dict>
                <key>id</key>
                <string>6349</string>
            </dict>
            <dict>
                <key>id</key>
                <string>6358</string>
            </dict>
            <dict>
                <key>id</key>
                <string>6367</string>
            </dict>
            <dict>
                <key>id</key>
                <string>6376</string>
            </dict>
            <dict>
                <key>id</key>
                <string>6385</string>
            </dict>
            <dict>
                <key>id</key>
                <string>6394</string>
            </dict>
            <dict>
                <key>id</key>
                <string>6446</string>
            </dict>
            <dict>
                <key>id</key>
                <string>6455</string>
            </dict>
            <dict>
                <key>id</key>
                <string>6464</string>
            </dict>
            <dict>
                <key>id</key>
                <string>6473</string>
            </dict>
            <dict>
                <key>id</key>
                <string>6482</string>
            </dict>
            <dict>
                <key>id</key>
                <string>6491</string>
            </dict>
            <dict>
                <key>id</key>
                <string>6500</string>
            </dict>
            <dict>
                <key>id</key>
                <string>6509</string>
            </dict>
            <dict>
                <key>id</key>
                <string>6518</string>
            </dict>
            <dict>
                <key>id</key>
                <string>6527</string>
            </dict>
            <dict>
                <key>id</key>
                <string>6536</string>
            </dict>
            <dict>
                <key>id</key>
                <string>6545</string>
            </dict>
            <dict>
                <key>id</key>
                <string>6554</string>
            </dict>
            <dict>
                <key>id</key>
                <string>6563</string>
            </dict>
            <dict>
                <key>id</key>
                <string>6572</string>
            </dict>
            <dict>
                <key>id</key>
                <string>6624</string>
            </dict>
            <dict>
                <key>id</key>
                <string>6633</string>
            </dict>
            <dict>
                <key>id</key>
                <string>6642</string>
            </dict>
            <dict>
                <key>id</key>
                <string>6651</string>
            </dict>
            <dict>
                <key>id</key>
                <string>6660</string>
            </dict>
            <dict>
                <key>id</key>
                <string>6669</string>
            </dict>
            <dict>
                <key>id</key>
                <string>6678</string>
            </dict>
            <dict>
                <key>id</key>
                <string>6687</string>
            </dict>
            <dict>
                <key>id</key>
                <string>6696</string>
            </dict>
            <dict>
                <key>id</key>
                <string>6705</string>
            </dict>
            <dict>
                <key>id</key>
                <string>6714</string>
            </dict>
            <dict>
                <key>id</key>
                <string>6729</string>
            </dict>
            <dict>
                <key>id</key>
                <string>6738</string>
            </dict>
            <dict>
                <key>id</key>
                <string>6747</string>
            </dict>
            <dict>
                <key>id</key>
                <string>6756</string>
            </dict>
            <dict>
                <key>id</key>
                <string>6765</string>
            </dict>
            <dict>
                <key>id</key>
                <string>6782</string>
            </dict>
            <dict>
                <key>id</key>
                <string>6791</string>
            </dict>
            <dict>
                <key>id</key>
                <string>6800</string>
            </dict>
            <dict>
                <key>id</key>
                <string>6815</string>
            </dict>
            <dict>
                <key>id</key>
                <string>6824</string>
            </dict>
            <dict>
                <key>id</key>
                <string>6840</string>
            </dict>
            <dict>
                <key>id</key>
                <string>6849</string>
            </dict>
            <dict>
                <key>id</key>
                <string>6858</string>
            </dict>
            <dict>
                <key>id</key>
                <string>6867</string>
            </dict>
            <dict>
                <key>id</key>
                <string>6876</string>
            </dict>
            <dict>
                <key>id</key>
                <string>6927</string>
            </dict>
            <dict>
                <key>id</key>
                <string>6936</string>
            </dict>
            <dict>
                <key>id</key>
                <string>6945</string>
            </dict>
            <dict>
                <key>id</key>
                <string>6954</string>
            </dict>
            <dict>
                <key>id</key>
                <string>6963</string>
            </dict>
            <dict>
                <key>id</key>
                <string>6972</string>
            </dict>
            <dict>
                <key>id</key>
                <string>6981</string>
            </dict>
            <dict>
                <key>id</key>
                <string>6990</string>
            </dict>
            <dict>
                <key>id</key>
                <string>6999</string>
            </dict>
            <dict>
                <key>id</key>
                <string>7008</string>
            </dict>
            <dict>
                <key>id</key>
                <string>7017</string>
            </dict>
            <dict>
                <key>id</key>
                <string>7026</string>
            </dict>
            <dict>
                <key>id</key>
                <string>7035</string>
            </dict>
            <dict>
                <key>id</key>
                <string>7044</string>
            </dict>
            <dict>
                <key>id</key>
                <string>7053</string>
            </dict>
            <dict>
                <key>id</key>
                <string>7062</string>
            </dict>
            <dict>
                <key>id</key>
                <string>7071</string>
            </dict>
            <dict>
                <key>id</key>
                <string>7082</string>
            </dict>
            <dict>
                <key>id</key>
                <string>7091</string>
            </dict>
            <dict>
                <key>id</key>
                <string>7100</string>
            </dict>
            <dict>
                <key>id</key>
                <string>7109</string>
            </dict>
            <dict>
                <key>id</key>
                <string>7118</string>
            </dict>
            <dict>
                <key>id</key>
                <string>7127</string>
            </dict>
            <dict>
                <key>id</key>
                <string>7136</string>
            </dict>
            <dict>
                <key>id</key>
                <string>7145</string>
            </dict>
            <dict>
                <key>id</key>
                <string>7154</string>
            </dict>
            <dict>
                <key>id</key>
                <string>7163</string>
            </dict>
            <dict>
                <key>id</key>
                <string>7172</string>
            </dict>
            <dict>
                <key>id</key>
                <string>7182</string>
            </dict>
            <dict>
                <key>id</key>
                <string>7191</string>
            </dict>
            <dict>
                <key>id</key>
                <string>7200</string>
            </dict>
            <dict>
                <key>id</key>
                <string>7209</string>
            </dict>
            <dict>
                <key>id</key>
                <string>7218</string>
            </dict>
            <dict>
                <key>id</key>
                <string>7227</string>
            </dict>
            <dict>
                <key>id</key>
                <string>7236</string>
            </dict>
            <dict>
                <key>id</key>
                <string>7245</string>
            </dict>
            <dict>
                <key>id</key>
                <string>7254</string>
            </dict>
            <dict>
                <key>id</key>
                <string>7263</string>
            </dict>
            <dict>
                <key>id</key>
                <string>7297</string>
            </dict>
            <dict>
                <key>id</key>
                <string>7364</string>
            </dict>
            <dict>
                <key>id</key>
                <string>7408</string>
            </dict>
            <dict>
                <key>id</key>
                <string>7417</string>
            </dict>
            <dict>
                <key>id</key>
                <string>7426</string>
            </dict>
            <dict>
                <key>id</key>
                <string>7446</string>
            </dict>
            <dict>
                <key>id</key>
                <string>7455</string>
            </dict>
            <dict>
                <key>id</key>
                <string>7464</string>
            </dict>
            <dict>
                <key>id</key>
                <string>7473</string>
            </dict>
            <dict>
                <key>id</key>
                <string>7482</string>
            </dict>
            <dict>
                <key>id</key>
                <string>7491</string>
            </dict>
            <dict>
                <key>id</key>
                <string>7500</string>
            </dict>
            <dict>
                <key>id</key>
                <string>7512</string>
            </dict>
            <dict>
                <key>id</key>
                <string>7526</string>
            </dict>
            <dict>
                <key>id</key>
                <string>7535</string>
            </dict>
            <dict>
                <key>id</key>
                <string>7544</string>
            </dict>
            <dict>
                <key>id</key>
                <string>7553</string>
            </dict>
            <dict>
                <key>id</key>
                <string>7562</string>
            </dict>
            <dict>
                <key>id</key>
                <string>7571</string>
            </dict>
            <dict>
                <key>id</key>
                <string>7627</string>
            </dict>
            <dict>
                <key>id</key>
                <string>7636</string>
            </dict>
            <dict>
                <key>id</key>
                <string>7645</string>
            </dict>
            <dict>
                <key>id</key>
                <string>7654</string>
            </dict>
            <dict>
                <key>id</key>
                <string>7663</string>
            </dict>
            <dict>
                <key>id</key>
                <string>7672</string>
            </dict>
            <dict>
                <key>id</key>
                <string>7748</string>
            </dict>
            <dict>
                <key>id</key>
                <string>7823</string>
            </dict>
            <dict>
                <key>id</key>
                <string>7856</string>
            </dict>
            <dict>
                <key>id</key>
                <string>7865</string>
            </dict>
            <dict>
                <key>id</key>
                <string>7886</string>
            </dict>
            <dict>
                <key>id</key>
                <string>7895</string>
            </dict>
            <dict>
                <key>id</key>
                <string>7896</string>
            </dict>
            <dict>
                <key>id</key>
                <string>7905</string>
            </dict>
            <dict>
                <key>id</key>
                <string>7914</string>
            </dict>
            <dict>
                <key>id</key>
                <string>7976</string>
            </dict>
            <dict>
                <key>id</key>
                <string>7985</string>
            </dict>
            <dict>
                <key>id</key>
                <string>7994</string>
            </dict>
            <dict>
                <key>id</key>
                <string>8003</string>
            </dict>
            <dict>
                <key>id</key>
                <string>8012</string>
            </dict>
            <dict>
                <key>id</key>
                <string>8021</string>
            </dict>
            <dict>
                <key>id</key>
                <string>8030</string>
            </dict>
            <dict>
                <key>id</key>
                <string>8039</string>
            </dict>
            <dict>
                <key>id</key>
                <string>8048</string>
            </dict>
            <dict>
                <key>id</key>
                <string>8057</string>
            </dict>
            <dict>
                <key>id</key>
                <string>8066</string>
            </dict>
            <dict>
                <key>id</key>
                <string>8075</string>
            </dict>
            <dict>
                <key>id</key>
                <string>8084</string>
            </dict>
            <dict>
                <key>id</key>
                <string>8093</string>
            </dict>
            <dict>
                <key>id</key>
                <string>8102</string>
            </dict>
            <dict>
                <key>id</key>
                <string>8111</string>
            </dict>
            <dict>
                <key>id</key>
                <string>8120</string>
            </dict>
            <dict>
                <key>id</key>
                <string>8129</string>
            </dict>
            <dict>
                <key>id</key>
                <string>8138</string>
            </dict>
            <dict>
                <key>id</key>
                <string>8147</string>
            </dict>
            <dict>
                <key>id</key>
                <string>8156</string>
            </dict>
            <dict>
                <key>id</key>
                <string>8165</string>
            </dict>
        </array>
    </dict>
</plist>
