<?xml version="1.0" encoding="UTF-8"?>
<!DOCTYPE plist PUBLIC "-//Apple//DTD PLIST 1.0//EN" "http://www.apple.com/DTDs/PropertyList-1.0.dtd"/>

<plist version="1.0">
    <dict>
        <key>ROOT</key>
        <array>
            <dict>
                <key>id</key>
                <string>221</string>
            </dict>
            <dict>
                <key>id</key>
                <string>233</string>
            </dict>
            <dict>
                <key>id</key>
                <string>236</string>
            </dict>
            <dict>
                <key>id</key>
                <string>239</string>
            </dict>
            <dict>
                <key>id</key>
                <string>247</string>
            </dict>
            <dict>
                <key>id</key>
                <string>250</string>
            </dict>
            <dict>
                <key>id</key>
                <string>253</string>
            </dict>
            <dict>
                <key>id</key>
                <string>283</string>
            </dict>
            <dict>
                <key>id</key>
                <string>306</string>
            </dict>
            <dict>
                <key>id</key>
                <string>307</string>
            </dict>
            <dict>
                <key>id</key>
                <string>311</string>
            </dict>
            <dict>
                <key>id</key>
                <string>328</string>
            </dict>
            <dict>
                <key>id</key>
                <string>331</string>
            </dict>
            <dict>
                <key>id</key>
                <string>334</string>
            </dict>
            <dict>
                <key>id</key>
                <string>337</string>
            </dict>
            <dict>
                <key>id</key>
                <string>458</string>
            </dict>
            <dict>
                <key>id</key>
                <string>586</string>
            </dict>
            <dict>
                <key>id</key>
                <string>589</string>
            </dict>
            <dict>
                <key>id</key>
                <string>592</string>
            </dict>
            <dict>
                <key>id</key>
                <string>603</string>
            </dict>
            <dict>
                <key>id</key>
                <string>947</string>
            </dict>
            <dict>
                <key>id</key>
                <string>950</string>
            </dict>
            <dict>
                <key>id</key>
                <string>953</string>
            </dict>
            <dict>
                <key>id</key>
                <string>956</string>
            </dict>
            <dict>
                <key>id</key>
                <string>990</string>
                <key>Texture</key>
                <dict>
                    <key>value</key>
                    <string>991</string>
                </dict>
            </dict>
            <dict>
                <key>id</key>
                <string>1041</string>
                <key>Texture</key>
                <dict>
                    <key>value</key>
                    <string>1042</string>
                </dict>
            </dict>
            <dict>
                <key>id</key>
                <string>1046</string>
                <key>Texture</key>
                <dict>
                    <key>value</key>
                    <string>1042</string>
                </dict>
            </dict>
            <dict>
                <key>id</key>
                <string>1049</string>
                <key>Texture</key>
                <dict>
                    <key>value</key>
                    <string>1050</string>
                </dict>
            </dict>
            <dict>
                <key>id</key>
                <string>1185</string>
            </dict>
            <dict>
                <key>id</key>
                <string>1253</string>
            </dict>
            <dict>
                <key>id</key>
                <string>1319</string>
            </dict>
            <dict>
                <key>id</key>
                <string>1320</string>
            </dict>
            <dict>
                <key>id</key>
                <string>1399</string>
            </dict>
            <dict>
                <key>id</key>
                <string>1405</string>
            </dict>
            <dict>
                <key>id</key>
                <string>5643</string>
            </dict>
            <dict>
                <key>id</key>
                <string>5646</string>
                <key>Texture</key>
                <dict>
                    <key>value</key>
                    <string>5672</string>
                </dict>
            </dict>
        </array>
    </dict>
</plist>
