<?xml version="1.0" encoding="UTF-8"?>
<!DOCTYPE plist PUBLIC "-//Apple//DTD PLIST 1.0//EN" "http://www.apple.com/DTDs/PropertyList-1.0.dtd"/>

<plist version="1.0">
    <dict>
        <key>ROOT</key>
        <array>
            <dict>
                <key>id</key>
                <string>1382</string>
            </dict>
            <dict>
                <key>id</key>
                <string>1568</string>
                <key>Image</key>
                <dict>
                    <key>value</key>
                    <string>13171</string>
                </dict>
            </dict>
            <dict>
                <key>id</key>
                <string>1574</string>
                <key>Image</key>
                <dict>
                    <key>value</key>
                    <string>1575</string>
                </dict>
            </dict>
            <dict>
                <key>id</key>
                <string>1583</string>
                <key>Image</key>
                <dict>
                    <key>value</key>
                    <string>10078</string>
                </dict>
            </dict>
            <dict>
                <key>id</key>
                <string>1587</string>
                <key>Image</key>
                <dict>
                    <key>value</key>
                    <string>12482</string>
                </dict>
            </dict>
            <dict>
                <key>id</key>
                <string>1592</string>
                <key>Image</key>
                <dict>
                    <key>value</key>
                    <string>12001</string>
                </dict>
            </dict>
            <dict>
                <key>id</key>
                <string>1596</string>
                <key>Image</key>
                <dict>
                    <key>value</key>
                    <string>11995</string>
                </dict>
            </dict>
            <dict>
                <key>id</key>
                <string>1599</string>
                <key>Image</key>
                <dict>
                    <key>value</key>
                    <string>10084</string>
                </dict>
            </dict>
            <dict>
                <key>id</key>
                <string>1608</string>
                <key>Image</key>
                <dict>
                    <key>value</key>
                    <string>12200</string>
                </dict>
            </dict>
            <dict>
                <key>id</key>
                <string>1611</string>
                <key>Image</key>
                <dict>
                    <key>value</key>
                    <string>12194</string>
                </dict>
            </dict>
            <dict>
                <key>id</key>
                <string>1621</string>
                <key>Image</key>
                <dict>
                    <key>value</key>
                    <string>11678</string>
                </dict>
            </dict>
            <dict>
                <key>id</key>
                <string>1648</string>
                <key>Image</key>
                <dict>
                    <key>value</key>
                    <string>1575</string>
                </dict>
            </dict>
            <dict>
                <key>id</key>
                <string>1660</string>
                <key>Image</key>
                <dict>
                    <key>value</key>
                    <string>1575</string>
                </dict>
            </dict>
        </array>
    </dict>
</plist>
